No,slug,productName,coupangUrl,naverUrl,officialUrl
6,benof-proteinbar-chunky-choco,단백질바 (청키초콜릿),https://www.coupang.com/vp/products/8839977383?itemId=25721325963&vendorItemId=92710059425&q=%EB%B2%A0%EB%85%B8%ED%94%84+%EB%8B%A8%EB%B0%B1%EC%A7%88%EB%B0%94+%28%EC%B2%AD%ED%82%A4%EC%B4%88%EC%BD%9C%EB%A6%BF%29&searchId=49102559642528&sourceType=search&itemsCount=36&searchRank=1&rank=1&traceId=mmyl1x47,https://search.shopping.naver.com/search/all?where=all&frm=NVSCTAB&query=%EB%B2%A0%EB%85%B8%ED%94%84+%EB%8B%A8%EB%B0%B1%EC%A7%88%EB%B0%94+%28%EC%B2%AD%ED%82%A4%EC%B4%88%EC%BD%9C%EB%A6%BF%29,https://benope.com/product/list_thumb.html?cate_no=46
7,benof-proteinbar-truffle-peanutbutter-choco,단백질바 (트러플피넛버터초콜릿),https://www.coupang.com/vp/products/8710162041?itemId=25295451016&vendorItemId=92710041721&q=%EB%B2%A0%EB%85%B8%ED%94%84+%EB%8B%A8%EB%B0%B1%EC%A7%88%EB%B0%94+%28%ED%8A%B8%EB%9F%AC%ED%94%8C%ED%94%BC%EB%84%9B%EB%B2%84%ED%84%B0%EC%B4%88%EC%BD%9C%EB%A6%BF%29&searchId=f565f8a4657637&sourceType=search&itemsCount=36&searchRank=1&rank=1&traceId=mmyl2mif,https://search.shopping.naver.com/search/all?query=%EB%B2%A0%EB%85%B8%ED%94%84%20%EB%8B%A8%EB%B0%B1%EC%A7%88%EB%B0%94%20(%ED%8A%B8%EB%9F%AC%ED%94%8C%ED%94%BC%EB%84%9B%EB%B2%84%ED%84%B0%EC%B4%88%EC%BD%9C%EB%A6%BF)&prevQuery=%EB%B2%A0%EB%85%B8%ED%94%84%20%EB%8B%A8%EB%B0%B1%EC%A7%88%EB%B0%94%20(%EC%B2%AD%ED%82%A4%EC%B4%88%EC%BD%9C%EB%A6%BF)&vertical=search,https://benope.com/product/list_thumb.html?cate_no=46
15,benof-softbar-berry-cheesecake,소프트바 (베리베리치즈케이크),https://www.coupang.com/vp/products/7576801143?itemId=19992842249&vendorItemId=90775293721&q=%EB%B2%A0%EB%85%B8%ED%94%84+%EC%86%8C%ED%94%84%ED%8A%B8%EB%B0%94+%28%EB%B2%A0%EB%A6%AC%EB%B2%A0%EB%A6%AC%EC%B9%98%EC%A6%88%EC%BC%80%EC%9D%B4%ED%81%AC%29&searchId=dd78c396658663&sourceType=search&itemsCount=36&searchRank=0&rank=0&traceId=mmyl2z5v,https://search.shopping.naver.com/search/all?query=%EB%B2%A0%EB%85%B8%ED%94%84%20%EC%86%8C%ED%94%84%ED%8A%B8%EB%B0%94%20(%EB%B2%A0%EB%A6%AC%EB%B2%A0%EB%A6%AC%EC%B9%98%EC%A6%88%EC%BC%80%EC%9D%B4%ED%81%AC)&prevQuery=%EB%B2%A0%EB%85%B8%ED%94%84%20%EB%8B%A8%EB%B0%B1%EC%A7%88%EB%B0%94%20(%ED%8A%B8%EB%9F%AC%ED%94%8C%ED%94%BC%EB%84%9B%EB%B2%84%ED%84%B0%EC%B4%88%EC%BD%9C%EB%A6%BF)&vertical=search,https://benope.com/product/list_thumb.html?cate_no=46
12,benof-softbar-black-sesame,소프트바 (흑임자),https://www.coupang.com/vp/products/7576800672?itemId=19992839998&vendorItemId=92497976269&q=%EB%B2%A0%EB%85%B8%ED%94%84+%EC%86%8C%ED%94%84%ED%8A%B8%EB%B0%94+%28%ED%9D%91%EC%9E%84%EC%9E%90%29&searchId=fc2528ca667203&sourceType=search&itemsCount=36&searchRank=0&rank=0&traceId=mmyl3y67,https://search.shopping.naver.com/search/all?query=%EB%B2%A0%EB%85%B8%ED%94%84%20%EC%86%8C%ED%94%84%ED%8A%B8%EB%B0%94%20%ED%94%84%EB%A1%9C%ED%8B%B4%EB%B0%94%20%ED%9D%91%EC%9E%84%EC%9E%90%2010p%20600g%201%EA%B0%9C&prevQuery=%EB%B2%A0%EB%85%B8%ED%94%84%20%EC%86%8C%ED%94%84%ED%8A%B8%EB%B0%94%20%ED%9D%91%EC%9E%84%EC%9E%90&vertical=search,https://benope.com/product/list_thumb.html?cate_no=46
11,benof-softbar-cacao,소프트바 (카카오),https://www.coupang.com/vp/products/7576797870?itemId=25505575975&vendorItemId=92497629903&q=%EB%B2%A0%EB%85%B8%ED%94%84%20%EC%86%8C%ED%94%84%ED%8A%B8%EB%B0%94%20(%EC%B9%B4%EC%B9%B4%EC%98%A4)&searchId=c85c214e695216&sourceType=search&itemsCount=36&searchRank=0&rank=0&traceId=mmyl49sq,https://search.shopping.naver.com/search/all?query=%EB%B2%A0%EB%85%B8%ED%94%84%20%EC%86%8C%ED%94%84%ED%8A%B8%EB%B0%94%20%ED%94%84%EB%A1%9C%ED%8B%B4%EB%B0%94%20%EC%B9%B4%EC%B9%B4%EC%98%A4&prevQuery=%EB%B2%A0%EB%85%B8%ED%94%84%20%EC%86%8C%ED%94%84%ED%8A%B8%EB%B0%94%20%ED%94%84%EB%A1%9C%ED%8B%B4%EB%B0%94%20%ED%9D%91%EC%9E%84%EC%9E%90%2010p%20600g%201%EA%B0%9C&vertical=search,https://benope.com/product/list_thumb.html?cate_no=46
10,benof-softbar-chocolate-caramel,소프트바 (초콜릿카라멜),https://www.coupang.com/vp/products/7576803819?itemId=25505848456&vendorItemId=92497893665&q=%EB%B2%A0%EB%85%B8%ED%94%84%20%EC%86%8C%ED%94%84%ED%8A%B8%EB%B0%94%20(%EC%B4%88%EC%BD%9C%EB%A6%BF%EC%B9%B4%EB%9D%BC%EB%A9%9C)&searchId=78228e25674543&sourceType=search&itemsCount=36&searchRank=1&rank=1&traceId=mmyl4j0i,https://search.shopping.naver.com/search/all?query=%EB%B2%A0%EB%85%B8%ED%94%84%20%EC%86%8C%ED%94%84%ED%8A%B8%EB%B0%94%20%ED%94%84%EB%A1%9C%ED%8B%B4%EB%B0%94%20%EC%B4%88%EC%BD%9C%EB%A6%BF%EC%B9%B4%EB%9D%BC%EB%A9%9C&prevQuery=%EB%B2%A0%EB%85%B8%ED%94%84%20%EC%86%8C%ED%94%84%ED%8A%B8%EB%B0%94%20%ED%94%84%EB%A1%9C%ED%8B%B4%EB%B0%94%20%EC%B9%B4%EC%B9%B4%EC%98%A4&vertical=search,https://benope.com/product/list_thumb.html?cate_no=46
9,benof-softbar-cookie-cream,소프트바 (쿠키앤크림),https://www.coupang.com/vp/products/7559019605?itemId=25505945563&vendorItemId=92497989673&q=%EB%B2%A0%EB%85%B8%ED%94%84+%EC%86%8C%ED%94%84%ED%8A%B8%EB%B0%94+%28%EC%BF%A0%ED%82%A4%EC%95%A4%ED%81%AC%EB%A6%BC%29&searchId=0e64e0d4870694&sourceType=search&itemsCount=36&searchRank=1&rank=1&traceId=mmyl4t8v,https://search.shopping.naver.com/search/all?query=%EB%B2%A0%EB%85%B8%ED%94%84%20%EC%86%8C%ED%94%84%ED%8A%B8%EB%B0%94%20%ED%94%84%EB%A1%9C%ED%8B%B4%EB%B0%94%20%EC%BF%A0%ED%82%A4%EC%95%A4%ED%81%AC%EB%A6%BC%2010%EA%B0%9C%EC%9E%85&prevQuery=%EB%B2%A0%EB%85%B8%ED%94%84%20%EC%86%8C%ED%94%84%ED%8A%B8%EB%B0%94%20%ED%94%84%EB%A1%9C%ED%8B%B4%EB%B0%94%20%EC%BF%A0%ED%82%A4%EC%95%A4%ED%81%AC%EB%A6%BC&vertical=searchv,https://benope.com/product/list_thumb.html?cate_no=46
13,benof-softbar-injeolmi,소프트바 (인절미),https://www.coupang.com/vp/products/8203718616?itemId=19992835380&vendorItemId=92497971860&q=%EB%B2%A0%EB%85%B8%ED%94%84+%EC%86%8C%ED%94%84%ED%8A%B8%EB%B0%94+%28%EC%9D%B8%EC%A0%88%EB%AF%B8%29&searchId=e77050ff204918&sourceType=search&itemsCount=36&searchRank=0&rank=0&traceId=mmyl55vf,https://search.shopping.naver.com/search/all?query=%EB%B2%A0%EB%85%B8%ED%94%84%20%EC%86%8C%ED%94%84%ED%8A%B8%EB%B0%94%20%ED%94%84%EB%A1%9C%ED%8B%B4%EB%B0%94%20%EC%9D%B8%EC%A0%88%EB%AF%B8&prevQuery=%EB%B2%A0%EB%85%B8%ED%94%84%20%EC%86%8C%ED%94%84%ED%8A%B8%EB%B0%94%20%ED%94%84%EB%A1%9C%ED%8B%B4%EB%B0%94%20%EC%BF%A0%ED%82%A4%EC%95%A4%ED%81%AC%EB%A6%BC%2010%EA%B0%9C%EC%9E%85&vertical=search,https://benope.com/product/list_thumb.html?cate_no=46
8,benof-softbar-peanutbutter,소프트바 (피넛버터),https://www.coupang.com/vp/products/7559019596?itemId=19910287680&vendorItemId=92497994296&q=%EB%B2%A0%EB%85%B8%ED%94%84+%EC%86%8C%ED%94%84%ED%8A%B8%EB%B0%94+%28%ED%94%BC%EB%84%9B%EB%B2%84%ED%84%B0%29&searchId=023d571b686990&sourceType=search&itemsCount=36&searchRank=1&rank=1&traceId=mmyl5f4c,https://search.shopping.naver.com/search/all?query=%EB%B2%A0%EB%85%B8%ED%94%84%20%EC%86%8C%ED%94%84%ED%8A%B8%EB%B0%94%20%ED%94%84%EB%A1%9C%ED%8B%B4%EB%B0%94%20%ED%94%BC%EB%84%9B%EB%B2%84%ED%84%B0%2010%EA%B0%9C%EC%9E%85&prevQuery=%EB%B2%A0%EB%85%B8%ED%94%84%20%EC%86%8C%ED%94%84%ED%8A%B8%EB%B0%94%20%ED%94%84%EB%A1%9C%ED%8B%B4%EB%B0%94%20%ED%94%BC%EB%84%9B%EB%B2%84%ED%84%B0%2010&vertical=search,https://benope.com/product/list_thumb.html?cate_no=46
14,benof-softbar-roasted-sweetpotato,소프트바 (군고구마),https://www.coupang.com/vp/products/7576801766?itemId=19992845266&vendorItemId=92497986143&q=%EB%B2%A0%EB%85%B8%ED%94%84+%EC%86%8C%ED%94%84%ED%8A%B8%EB%B0%94+%28%EA%B5%B0%EA%B3%A0%EA%B5%AC%EB%A7%88%29&searchId=8655e4c9678376&sourceType=search&itemsCount=36&searchRank=1&rank=1&traceId=mmyl5oud,https://search.shopping.naver.com/search/all?query=%EB%B2%A0%EB%85%B8%ED%94%84%20%EC%86%8C%ED%94%84%ED%8A%B8%EB%B0%94%20%ED%94%84%EB%A1%9C%ED%8B%B4%EB%B0%94%20%EA%B5%B0%EA%B3%A0%EA%B5%AC%EB%A7%88&prevQuery=%EB%B2%A0%EB%85%B8%ED%94%84%20%EC%86%8C%ED%94%84%ED%8A%B8%EB%B0%94%20%ED%94%84%EB%A1%9C%ED%8B%B4%EB%B0%94%20%EA%B5%B0%EA%B3%A0%EA%B5%AC%EB%A7%88%2010p%20600g%201%EA%B0%9C&vertical=search,https://benope.com/product/list_thumb.html?cate_no=46
17,bsn-protein-crisp-peanut-butter-crunch,프로틴 크리스프 단백질바 (피넛 버터 크런치),https://www.coupang.com/vp/products/7600588304?itemId=20104890190&vendorItemId=3074885996&q=%EB%B9%84%EC%97%90%EC%8A%A4%EC%97%94+%ED%94%84%EB%A1%9C%ED%8B%B4+%ED%82%A4%EB%A6%AC%EC%8A%A4%ED%94%84+%EB%8B%A8%EB%B0%B1%EC%A7%88%EB%B0%94+%28%ED%94%BC%EB%84%9B+%EB%B2%84%ED%84%B0+%ED%81%AC%EB%9F%B0%EC%B9%98%29&searchId=415cb2ea682042&sourceType=search&itemsCount=36&searchRank=0&rank=0&traceId=mmyl,https://search.shopping.naver.com/search/all?query=bsn%20%ED%94%84%EB%A1%9C%ED%8B%B4%20%ED%81%AC%EB%A6%AC%EC%8A%A4%ED%94%84%20%EB%8B%A8%EB%B0%B1%EC%A7%88%EB%B0%94%20(%ED%94%BC%EB%84%9B%20%EB%B2%84%ED%84%B0%20%ED%81%AC%EB%9F%B0%EC%B9%98)&prevQuery=%EB%B2%A0%EB%85%B8%ED%94%84%20%EC%86%8C%ED%94%84%ED%8A%B8%EB%B0%94%20%ED%94%84%EB%A1%9C%ED%8B%B4%EB%B0%94%20%EA%B5%B0%EA%B3%A0%EA%B5%AC%EB%A7%88&vertical=search,
18,bsn-protein-crisp-salted-toffee-pretzel,프로틴 크리스프 단백질바 (솔티드 토피 프레첼),https://www.coupang.com/vp/products/27641446?itemId=14529971721&vendorItemId=81956610939&q=%EB%B9%84%EC%97%90%EC%8A%A4%EC%97%94+%ED%94%84%EB%A1%9C%ED%8B%B4+%ED%82%A4%EB%A6%AC%EC%8A%A4%ED%94%84+%EB%8B%A8%EB%B0%B1%EC%A7%88%EB%B0%94+%28%EC%86%94%ED%8B%B0%EB%93%9C+%ED%86%A0%ED%94%BC+%ED%94%84%EB%A0%88%EC%B2%BC%29&searchId=37c799ce698001&sourceType=search&itemsCount=36&searchRank=0&rank=0&traceId=mmyl7em7,https://search.shopping.naver.com/search/all?query=bsn%20%ED%94%84%EB%A1%9C%ED%8B%B4%20%ED%81%AC%EB%A6%AC%EC%8A%A4%ED%94%84%20%EB%8B%A8%EB%B0%B1%EC%A7%88%EB%B0%94%20(%EC%86%94%ED%8B%B0%EB%93%9C)&prevQuery=bsn%20%ED%94%84%EB%A1%9C%ED%8B%B4%20%ED%81%AC%EB%A6%AC%EC%8A%A4%ED%94%84%20%EB%8B%A8%EB%B0%B1%EC%A7%88%EB%B0%94%20(%ED%94%BC%EB%84%9B%20%EB%B2%84%ED%84%B0%20%ED%81%AC%EB%9F%B0%EC%B9%98)&vertical=search,
59,calobye-daily-nuts-proteinbar,하루견과 단백질바,coupang.com/vp/products/9371141979?itemId=27822492298&vendorItemId=94782190353&q=칼로바이%20하루견과%20단백질바&searchId=563f41e4689900&sourceType=search&itemsCount=36&searchRank=1&rank=1&traceId=mmyl7ss3,https://search.shopping.naver.com/search/all?where=all&frm=NVSCTAB&query=%ED%95%98%EB%A3%A8%EA%B2%AC%EA%B3%BC+%EB%8B%A8%EB%B0%B1%EC%A7%88%EB%B0%94,https://brand.naver.com/calobye/category/92714f80a79a46a8b3e5085532cb9200?cp=1
57,cralo-plant-proteinbar,식물성단백질바,https://www.coupang.com/vp/products/6204369926?itemId=12329742710&vendorItemId=92437079941&q=%EC%94%A8%EC%95%8C%EB%A1%9C+%EC%8B%9D%EB%AC%BC%EC%84%B1%EB%8B%A8%EB%B0%B1%EC%A7%88%EB%B0%94&searchId=61f0177e910252&sourceType=search&itemsCount=36&searchRank=0&rank=0&traceId=mmyl8rat,https://search.shopping.naver.com/search/all?query=%EC%94%A8%EC%95%8C%EB%A1%9C%20%EC%8B%9D%EB%AC%BC%EC%84%B1%EB%8B%A8%EB%B0%B1%EC%A7%88%EB%B0%94&prevQuery=%EC%8B%9D%EB%AC%BC%EC%84%B1%EB%8B%A8%EB%B0%B1%EC%A7%88%EB%B0%94&vertical=search,https://smartstore.naver.com/crfood/search?q=%EC%8B%9D%EB%AC%BC%EC%84%B1
58,crown-highprotein-chocobar,고단백질초코바,,https://search.shopping.naver.com/search/all?query=%ED%81%AC%EB%9D%BC%EC%9A%B4%20%EA%B3%A0%EB%8B%A8%EB%B0%B1%EC%A7%88%EC%B4%88%EC%BD%94%EB%B0%94%2032g&prevQuery=%ED%81%AC%EB%9D%BC%EC%9A%B4%20%EA%B3%A0%EB%8B%A8%EB%B0%B1%EC%A7%88%EC%B4%88%EC%BD%94%EB%B0%94%2032g%20X%2012&vertical=search,
53,danbaekhani-protein-bar-berry-30,프로틴바 (베리),https://www.coupang.com/vp/products/8802155167?itemId=26192923642&vendorItemId=93172255273&q=%EB%8B%A8%EB%B0%B1%ED%95%98%EB%8B%88+%ED%94%84%EB%A1%9C%ED%8B%B4%EB%B0%94+%28%EB%B2%A0%EB%A6%AC%29&searchId=2540a897729015&sourceType=search&itemsCount=36&searchRank=0&rank=0&traceId=mmyl9t83,https://search.shopping.naver.com/search/all?query=%EB%8B%A8%EB%B0%B1%ED%95%98%EB%8B%88%20%ED%94%84%EB%A1%9C%ED%8B%B4%EB%B0%94%20%EB%B2%A0%EB%A6%AC%2C%2033g%2C%2020%EA%B0%9C&prevQuery=%EB%8B%A8%EB%B0%B1%ED%95%98%EB%8B%88%20%ED%94%84%EB%A1%9C%ED%8B%B4%EB%B0%94%20(%EB%B2%A0%EB%A6%AC)&vertical=search,
51,danbaekhani-protein-bar-choco-38,프로틴바 (초코),https://www.coupang.com/vp/products/8802152487?itemId=25631675250&vendorItemId=92621811720&q=%EB%8B%A8%EB%B0%B1%ED%95%98%EB%8B%88%20%ED%94%84%EB%A1%9C%ED%8B%B4%EB%B0%94%20(%EC%B4%88%EC%BD%94)&searchId=b7e3ca38724376&sourceType=search&itemsCount=36&searchRank=0&rank=0&traceId=mmyla392,https://search.shopping.naver.com/search/all?query=%EB%8B%A8%EB%B0%B1%ED%95%98%EB%8B%88%20%ED%94%84%EB%A1%9C%ED%8B%B4%EB%B0%94%203%EC%A2%85%20%ED%83%9D12%EA%B0%9C%20%EC%8B%9C%EA%B7%B8%EB%8B%88%EC%B2%98%20%EB%B2%A0%EB%A6%AC%20%EC%B4%88%EC%BD%94&prevQuery=%EB%8B%A8%EB%B0%B1%ED%95%98%EB%8B%88%20%ED%94%84%EB%A1%9C%ED%8B%B4%EB%B0%94%20%EB%B2%A0%EB%A6%AC&vertical=search,
55,danbaekhani-protein-bar-matcha-choco-38,프로틴바 (말차초코),,https://search.shopping.naver.com/search/all?query=%EB%8B%A8%EB%B0%B1%ED%95%98%EB%8B%88%20%ED%94%84%EB%A1%9C%ED%8B%B4%EB%B0%94%20%EB%A7%90%EC%B0%A8%EC%B4%88%EC%BD%94%2C%2038g%2C%2012%EA%B0%9C&prevQuery=%EB%8B%A8%EB%B0%B1%ED%95%98%EB%8B%88%20%ED%94%84%EB%A1%9C%ED%8B%B4%EB%B0%94%20%EB%A7%90%EC%B0%A8%EC%B4%88%EC%BD%94%2C%2038g%2C%2012%EA%B0%9C&vertical=search,
54,danbaekhani-protein-bar-peanutbutter-38,프로틴바 (피넛버터),coupang.com/vp/products/9183196271?itemId=27283149526&vendorItemId=94249810713&q=단백하니%20프로틴바%20(피넛버터)&searchId=ff239073726912&sourceType=search&itemsCount=36&searchRank=0&rank=0&traceId=mmylb11v,,
52,danbaekhani-protein-bar-signature-31,프로틴바 시그니처,https://www.coupang.com/vp/products/8802146213?itemId=25631627100&vendorItemId=92621759636&q=%EB%8B%A8%EB%B0%B1%ED%95%98%EB%8B%88+%ED%94%84%EB%A1%9C%ED%8B%B4%EB%B0%94+%EC%8B%9C%EA%B7%B8%EB%8B%88%EC%B2%98&searchId=eed4cf69728656&sourceType=search&itemsCount=36&searchRank=0&rank=0&traceId=mmylbilt,https://search.shopping.naver.com/search/all?query=%EB%8B%A8%EB%B0%B1%ED%95%98%EB%8B%88%20%ED%94%84%EB%A1%9C%ED%8B%B4%EB%B0%94%20%EC%8B%9C%EA%B7%B8%EB%8B%88%EC%B2%98%2031g&prevQuery=%EB%8B%A8%EB%B0%B1%ED%95%98%EB%8B%88%20%ED%94%84%EB%A1%9C%ED%8B%B4%EB%B0%94%20%EC%8B%9C%EA%B7%B8%EB%8B%88%EC%B2%98&vertical=search,
48,dryou-proteinbar-bite-crunch,프로 단백질바 한입쏙 (크런치),https://www.coupang.com/vp/products/7537130432?itemId=19804404986&vendorItemId=86906686317&q=%EB%8B%A5%ED%84%B0%EC%9C%A0+%ED%94%84%EB%A1%9C+%EB%8B%A8%EB%B0%B1%EC%A7%88%EB%B0%94+%ED%95%9C%EC%9E%85%EC%8F%99+%28%ED%81%AC%EB%9F%B0%EC%B9%98%29&searchId=61c66ef3970781&sourceType=search&itemsCount=36&searchRank=0&rank=0&traceId=mmylefuu,https://search.shopping.naver.com/search/all?query=%EB%8B%A5%ED%84%B0%EC%9C%A0%20%ED%94%84%EB%A1%9C%20%EB%8B%A8%EB%B0%B1%EC%A7%88%EB%B0%94%20%ED%95%9C%EC%9E%85%EC%8F%99%20(%ED%81%AC%EB%9F%B0%EC%B9%98)&prevQuery=%EB%8B%A8%EB%B0%B1%ED%95%98%EB%8B%88%20%ED%94%84%EB%A1%9C%ED%8B%B4%EB%B0%94%20%EC%8B%9C%EA%B7%B8%EB%8B%88%EC%B2%98%2031g&vertical=search,https://dryoumall.com/product/list.html?cate_no=44
65,dryou-proteinbar-mini-nuts,단백질바 미니 (견과),https://www.coupang.com/vp/products/8994546732?itemId=26350501762&vendorItemId=94097728748&sourceType=srp_product_ads&clickEventId=b3831b20-2430-11f1-8af8-1c43ce24f59c&korePlacement=15&koreSubPlacement=1&clickEventId=b3831b20-2430-11f1-8af8-1c43ce24f59c&korePlacement=15&koreSubPlacement=1&traceId=mmylgarv,https://search.shopping.naver.com/search/all?query=%EB%8B%A5%ED%84%B0%EC%9C%A0%20%EB%8B%A8%EB%B0%B1%EC%A7%88%EB%B0%94%20%EB%AF%B8%EB%8B%88%20(%EA%B2%AC%EA%B3%BC)&prevQuery=%EB%8B%A5%ED%84%B0%EC%9C%A0%20%ED%94%84%EB%A1%9C%20%EB%8B%A8%EB%B0%B1%EC%A7%88%EB%B0%94%20%ED%95%9C%EC%9E%85%EC%8F%99%20(%ED%81%AC%EB%9F%B0%EC%B9%98)&vertical=search,https://dryoumall.com/product/list.html?cate_no=44
49,dryou-proteinbar-nuts,단백질바 (견과),https://www.coupang.com/vp/products/7430740821?itemId=19421769910&searchId=ba7dcd4cf2d644b1a43d938ec351d4f6&sourceType=brandstore_sdp_atf_topbadge-all_products&storeId=109641&subSourceType=brandstore_sdp_atf_topbadge-all_products&vendorId=A00137671&vendorItemId=86533234658,https://search.shopping.naver.com/search/all?query=%EB%8B%A5%ED%84%B0%EC%9C%A0%20%EB%8B%A8%EB%B0%B1%EC%A7%88%EB%B0%94%2050g%2C%201%EA%B0%9C%EC%9E%85%2C%201%EA%B0%9C&prevQuery=%EB%8B%A5%ED%84%B0%EC%9C%A0%20%EB%8B%A8%EB%B0%B1%EC%A7%88%EB%B0%94&vertical=search,https://dryoumall.com/product/list.html?cate_no=44
1,dryou-proteinbar-pro-3nuts-crunch,프로 단백질바 (3넛츠 크런치),https://www.coupang.com/vp/products/8356254889?itemId=24145285036&searchId=0c86b80e1bfd46f6ab310f250bcabf72&sourceType=brandstore_sdp_atf_topbadge-all_products&storeId=109641&subSourceType=brandstore_sdp_atf_topbadge-all_products&vendorId=A00137671&vendorItemId=91170009507,https://search.shopping.naver.com/search/all?query=%EB%8B%A5%ED%84%B0%EC%9C%A0%20%ED%94%84%EB%A1%9C%20%EB%8B%A8%EB%B0%B1%EC%A7%88%EB%B0%94%20(3%EB%84%9B%EC%B8%A0%20%ED%81%AC%EB%9F%B0%EC%B9%98)&prevQuery=%EB%8B%A5%ED%84%B0%EC%9C%A0%20%EB%8B%A8%EB%B0%B1%EC%A7%88%EB%B0%94%2050g%2C%201%EA%B0%9C%EC%9E%85%2C%201%EA%B0%9C&vertical=search,https://dryoumall.com/product/list.html?cate_no=44
50,dryou-proteinbar-pro-bite-choco-classic,프로 단백질바 한입쏙 (초코 클래식),https://www.coupang.com/vp/products/7511006784?itemId=19680137722&searchId=ba7dcd4cf2d644b1a43d938ec351d4f6&sourceType=brandstore_sdp_atf_topbadge-all_products&storeId=109641&subSourceType=brandstore_sdp_atf_topbadge-all_products&vendorId=A00137671&vendorItemId=86785530473,https://search.shopping.naver.com/search/all?query=%EC%98%A4%EB%A6%AC%EC%98%A8%20%EB%8B%A5%ED%84%B0%EC%9C%A0%20%ED%94%84%EB%A1%9C%20%EB%8B%A8%EB%B0%B1%EC%A7%88%EB%B0%94%20%ED%95%9C%EC%9E%85%EC%8F%99%20(%EC%95%BD34%EA%B0%9C%EC%9E%85%20%EC%B4%9D420g)%203%EA%B0%9C&prevQuery=%EB%8B%A5%ED%84%B0%EC%9C%A0%20%ED%94%84%EB%A1%9C%20%EB%8B%A8%EB%B0%B1%EC%A7%88%EB%B0%94%20%ED%95%9C%EC%9E%85%EC%8F%99%20%EC%B4%88%EC%BD%94&vertical=search,https://dryoumall.com/product/list.html?cate_no=44
2,dryou-proteinbar-pro-choco-classic,프로 단백질바 (초코 클래식),https://www.coupang.com/vp/products/9196410187?itemId=27146535129&searchId=ba7dcd4cf2d644b1a43d938ec351d4f6&sourceType=brandstore_sdp_atf_topbadge-all_products&storeId=109641&subSourceType=brandstore_sdp_atf_topbadge-all_products&vendorId=A00137671&vendorItemId=94114385953,https://search.shopping.naver.com/search/all?query=%EC%98%A4%EB%A6%AC%EC%98%A8%20%EB%8B%A5%ED%94%84%EB%A1%9C%20%EB%8B%A8%EB%B0%B1%EC%A7%88%EB%B0%94%20(%EC%B4%88%EC%BD%94%20%ED%81%B4%EB%9E%98%EC%8B%9D)&prevQuery=%EC%98%A4%EB%A6%AC%EC%98%A8%20%EB%8B%A5%ED%84%B0%EC%9C%A0%20%ED%94%84%EB%A1%9C%20%EB%8B%A8%EB%B0%B1%EC%A7%88%EB%B0%94%20%ED%95%9C%EC%9E%85%EC%8F%99%20(%EC%95%BD34%EA%B0%9C%EC%9E%85%20%EC%B4%9D420g)%203%EA%B0%9C&vertical=search,https://dryoumall.com/product/list.html?cate_no=44
3,dryou-proteinbar-pro-crunch,프로 단백질바 (크런치),https://www.coupang.com/vp/products/9393910282?itemId=27897874867&vendorItemId=94856747091&q=%EB%8B%A5%ED%84%B0%EC%9C%A0+%ED%94%84%EB%A1%9C+%EB%8B%A8%EB%B0%B1%EC%A7%88%EB%B0%94+%28%ED%81%AC%EB%9F%B0%EC%B9%98%29&searchId=59849007366009&sourceType=search&itemsCount=36&searchRank=3&rank=3&traceId=mmylkn4e,https://search.shopping.naver.com/search/all?query=%EB%8B%A5%ED%84%B0%EC%9C%A0%20%ED%94%84%EB%A1%9C%20%EB%8B%A8%EB%B0%B1%EC%A7%88%EB%B0%94%20%ED%81%AC%EB%9F%B0%EC%B9%98%2070g%2C%201%EA%B0%9C%EC%9E%85%2C%201%EA%B0%9C&prevQuery=%EC%98%A4%EB%A6%AC%EC%98%A8%20%ED%94%84%EB%A1%9C%20%EB%8B%A8%EB%B0%B1%EC%A7%88%EB%B0%94%20(%ED%81%AC%EB%9F%B0%EC%B9%98)&vertical=search,https://dryoumall.com/product/list.html?cate_no=44
68,gomgom-proteinbar-mini,단백질바 미니,https://www.coupang.com/vp/products/5836348958?itemId=10115318535&vendorItemId=77398106862&pickType=COU_PICK&q=%EA%B3%B0%EA%B3%B0+%EB%8B%A8%EB%B0%B1%EC%A7%88%EB%B0%94+%EB%AF%B8%EB%8B%88&searchId=33753379371275&sourceType=search&itemsCount=36&searchRank=0&rank=0&traceId=,https://search.shopping.naver.com/search/all?query=%EA%B3%B0%EA%B3%B0%20%EB%8B%A8%EB%B0%B1%EC%A7%88%EB%B0%94%20%EB%AF%B8%EB%8B%88&prevQuery=%EB%8B%A5%ED%84%B0%EC%9C%A0%20%ED%94%84%EB%A1%9C%20%EB%8B%A8%EB%B0%B1%EC%A7%88%EB%B0%94%20%ED%81%AC%EB%9F%B0%EC%B9%98%2070g%2C%201%EA%B0%9C%EC%9E%85%2C%201%EA%B0%9C&vertical=search,
36,himnaego-protein-bar-dark-chocolate-50,단백질바 (다크 초콜릿),https://www.coupang.com/vp/products/7714630927?itemId=20688361215&vendorItemId=87999990294&q=%ED%9E%98%EB%82%B4%EA%B3%A0+%EB%8B%A8%EC%A7%88%EB%B0%94+%28%EB%8B%A4%ED%81%AC+%EC%B4%88%EC%BD%9C%EB%A6%BF%29&searchId=c449fd41844298&sourceType=search&itemsCount=36&searchRank=15&rank=15&traceId=mmylluzq,,
42,hymune-activebar-nuts,액티브바 (넛츠),https://www.coupang.com/vp/products/7353621539?itemId=19920187307&vendorItemId=87019910409&q=%ED%95%98%EC%9D%B4%EB%AE%A8%20%EC%95%A1%ED%8B%B0%EB%B8%8C%EB%B0%94%20(%EB%84%9B%EC%B8%A0)&searchId=242a006f857018&sourceType=search&itemsCount=36&searchRank=0&rank=0&traceId=mmylm7z8,https://search.shopping.naver.com/search/all?query=%ED%95%98%EC%9D%B4%EB%AE%A8%20%EC%95%A1%ED%8B%B0%EB%B8%8C%EB%B0%94%20(%EB%84%9B%EC%B8%A0)&prevQuery=%ED%9E%98%EB%82%B4%EA%B3%A0%20%EB%8B%A8%EB%B0%B1%EC%A7%88%EB%B0%94%20(%EB%8B%A4%ED%81%AC%20%EC%B4%88%EC%BD%9C%EB%A6%BF)&vertical=search,https://brand.naver.com/ildongfoodis/category/1468a477805243ed98aec5dee0fc616c?cp=1
63,kellogg-proteinbark-caramel-nuts,프로틴바K (카라멜&넛),https://www.coupang.com/vp/products/8142493158?itemId=23097906329&vendorItemId=93432212247&q=%EC%BC%88%EB%A1%9C%EA%B7%B8%20%ED%94%84%EB%A1%9C%ED%8B%B4%EB%B0%94K%20(%EC%B9%B4%EB%9D%BC%EB%A9%9C&%EB%84%9B)&searchId=d68ef715885389&sourceType=search&itemsCount=36&searchRank=0&rank=0&traceId=mmylmkmb,https://search.shopping.naver.com/search/all?query=%EC%BC%88%EB%A1%9C%EA%B7%B8%20%ED%94%84%EB%A1%9C%ED%8B%B4%EB%B0%94K%20(%EC%B9%B4%EB%9D%BC%EB%A9%9C%26%EB%84%9B)&prevQuery=%EC%BC%88%EB%A1%9C%EA%B7%B8&vertical=search,https://brand.naver.com/kellogg/category/8a6244213e0e409eb4cf4cc20c4b9027?cp=1
64,kellogg-proteinbark-hazelnut-darkchoco,프로틴바K (헤이즐넛&다크초코),https://www.coupang.com/vp/products/8291713558?itemId=23913420084&vendorItemId=87348417490&pickType=COU_PICK&q=%EC%BC%88%EB%A1%9C%EA%B7%B8%20%ED%94%84%EB%A1%9C%ED%8B%B4%EB%B0%94K%20(%ED%97%A4%EC%9D%B4%EC%A6%90%EB%84%9B&%EB%8B%A4%ED%81%AC%EC%B4%88%EC%BD%94)&searchId=5dc5d74d852767&sourceType=search&itemsCount=36&searchRank=1&rank=1&traceId=mmylmvjq,https://search.shopping.naver.com/search/all?query=%EC%BC%88%EB%A1%9C%EA%B7%B8%20%ED%94%84%EB%A1%9C%ED%8B%B4%EB%B0%94K%20(%ED%97%A4%EC%9D%B4%EC%A6%90%EB%84%9B%26%EB%8B%A4%ED%81%AC%EC%B4%88%EC%BD%94)&prevQuery=%EC%BC%88%EB%A1%9C%EA%B7%B8%20%ED%94%84%EB%A1%9C%ED%8B%B4%EB%B0%94K%20(%EC%B9%B4%EB%9D%BC%EB%A9%9C%26%EB%84%9B)&vertical=search,https://brand.naver.com/kellogg/category/8a6244213e0e409eb4cf4cc20c4b9027?cp=1
62,kellogg-proteinbark-nuts,프로틴바K (견과),https://www.coupang.com/vp/products/8753668844?itemId=25177379034&vendorItemId=92174352561&pickType=COU_PICK&sourceType=srp_product_ads&clickEventId=73698a50-2431-11f1-851d-8347d647ab5c&korePlacement=15&koreSubPlacement=1&clickEventId=73698a50-2431-11f1-851d-8347d647ab5c&korePlacement=15&koreSubPlacement=1&traceId=mmylncna,https://search.shopping.naver.com/search/all?query=%EC%BC%88%EB%A1%9C%EA%B7%B8%20%ED%94%84%EB%A1%9C%ED%8B%B4%EB%B0%94K%20(%EA%B2%AC%EA%B3%BC)&prevQuery=%EC%BC%88%EB%A1%9C%EA%B7%B8%20%ED%94%84%EB%A1%9C%ED%8B%B4%EB%B0%94K%20(%ED%97%A4%EC%9D%B4%EC%A6%90%EB%84%9B%26%EB%8B%A4%ED%81%AC%EC%B4%88%EC%BD%94)&vertical=search,https://brand.naver.com/kellogg/category/8a6244213e0e409eb4cf4cc20c4b9027?cp=1
61,kellogg-protein-granolabar-savory,프로틴 그래놀라바 (고소한맛),,https://search.shopping.naver.com/search/all?query=%EC%BC%88%EB%A1%9C%EA%B7%B8%20%ED%94%84%EB%A1%9C%ED%8B%B4%20%EA%B7%B8%EB%9E%98%EB%86%80%EB%9D%BC%EB%B0%94%20(%EA%B3%A0%EC%86%8C%ED%95%9C%EB%A7%9B)&prevQuery=%EC%BC%88%EB%A1%9C%EA%B7%B8%20%ED%94%84%EB%A1%9C%ED%8B%B4%EB%B0%94K%20(%EA%B2%AC%EA%B3%BC)&vertical=search,https://brand.naver.com/kellogg/category/8a6244213e0e409eb4cf4cc20c4b9027?cp=1
4,kirkland-proteinbar-choco-brownie,프로틴바 초콜릿 브라우니,https://www.coupang.com/vp/products/6871042282?itemId=24822061757&vendorItemId=93788235457&q=%EC%BB%A4%ED%81%B4%EB%9E%9C%EB%93%9C+%ED%94%84%EB%A1%9C%ED%8B%B4%EB%B0%94+%EC%B4%88%EC%BD%9C%EB%A6%BF+%EB%B8%8C%EB%9D%BC%EC%9A%B0%EB%8B%88&searchId=f70a4b23884105&sourceType=search&itemsCount=36&searchRank=0&rank=0&traceId=mm,https://search.shopping.naver.com/search/all?query=%EC%BB%A4%ED%81%B4%EB%9E%9C%EB%93%9C%20%ED%94%84%EB%A1%9C%ED%8B%B4%EB%B0%94%20%EC%B4%88%EC%BD%9C%EB%A6%BF%20%EB%B8%8C%EB%9D%BC%EC%9A%B0%EB%8B%88&prevQuery=%EC%BC%88%EB%A1%9C%EA%B7%B8%20%ED%94%84%EB%A1%9C%ED%8B%B4%20%EA%B7%B8%EB%9E%98%EB%86%80%EB%9D%BC%EB%B0%94%20(%EA%B3%A0%EC%86%8C%ED%95%9C%EB%A7%9B)&vertical=search,
5,kirkland-proteinbar-choco-chip-cookie-dough-60,프로틴바 초코칩 쿠키도우,https://www.coupang.com/vp/products/6871042282?itemId=24822061757&vendorItemId=93788235457&q=%EC%BB%A4%ED%81%B4%EB%9E%9C%EB%93%9C+%ED%94%84%EB%A1%9C%ED%8B%B4%EB%B0%94+%EC%B4%88%EC%BD%9C%EB%A6%BF+%EB%B8%8C%EB%9D%BC%EC%9A%B0%EB%8B%88&searchId=f70a4b23884105&sourceType=search&itemsCount=36&searchRank=0&rank=0&traceId=mm,https://search.shopping.naver.com/search/all?query=%EC%BB%A4%ED%81%B4%EB%9E%9C%EB%93%9C%20%ED%94%84%EB%A1%9C%ED%8B%B4%EB%B0%94%20%EC%B4%88%EC%BD%9C%EB%A6%BF%20%EB%B8%8C%EB%9D%BC%EC%9A%B0%EB%8B%88&prevQuery=%EC%BC%88%EB%A1%9C%EA%B7%B8%20%ED%94%84%EB%A1%9C%ED%8B%B4%20%EA%B7%B8%EB%9E%98%EB%86%80%EB%9D%BC%EB%B0%94%20(%EA%B3%A0%EC%86%8C%ED%95%9C%EB%A7%9B)&vertical=search,
56,labnosh-foodbar-mildchoco,푸드바 마일드 초코,,,https://labnosh.com/product/list.html?cate_no=63
71,lottewellfood-easyprotein-energy-bar,이지프로틴 에너지단백질바,https://www.coupang.com/vp/products/8710855849?itemId=25589417080&vendorItemId=85321281493&q=%EC%9D%B4%EC%A7%80%ED%94%84%EB%A1%9C%ED%8B%B4+%EC%97%90%EB%84%88%EC%A7%80%EB%8B%A8%EB%B0%B1%EC%A7%88%EB%B0%94&searchId=50001e6c888645&sourceType=search&itemsCount=36&searchRank=0&rank=0&traceId=mmylpwwq,https://search.shopping.naver.com/search/all?query=%EC%9D%B4%EC%A7%80%ED%94%84%EB%A1%9C%ED%8B%B4%20%EC%97%90%EB%84%88%EC%A7%80%EB%8B%A8%EB%B0%B1%EC%A7%88%EB%B0%94&prevQuery=%EB%9E%A9%EB%85%B8%EC%89%AC%20%ED%91%B8%EB%93%9C%EB%B0%94%20%EB%A7%88%EC%9D%BC%EB%93%9C%20%EC%B4%88%EC%BD%94&vertical=search,
70,lottewellfood-easyprotein-highprotein-crispy,이지프로틴 고단백질바 (크리스피),https://www.coupang.com/vp/products/8451619609?itemId=24484892478&vendorItemId=91548718424&pickType=COU_PICK&q=%EC%9D%B4%EC%A7%80%ED%94%84%EB%A1%9C%ED%8B%B4%20%EA%B3%A0%EB%8B%A8%EB%B0%B1%EC%A7%88%EB%B0%94%20(%ED%81%AC%EB%A6%AC%EC%8A%A4%ED%94%BC)&searchId=3dd04431884316&sourceType=search&itemsCount=36&searchRank=0&rank=0,https://search.shopping.naver.com/search/all?query=%EC%9D%B4%EC%A7%80%ED%94%84%EB%A1%9C%ED%8B%B4%20%EA%B3%A0%EB%8B%A8%EB%B0%B1%EC%A7%88%EB%B0%94%20(%ED%81%AC%EB%A6%AC%EC%8A%A4%ED%94%BC)&prevQuery=%EC%9D%B4%EC%A7%80%ED%94%84%EB%A1%9C%ED%8B%B4%20%EC%97%90%EB%84%88%EC%A7%80%EB%8B%A8%EB%B0%B1%EC%A7%88%EB%B0%94&vertical=search,
43,mymil-new-proteinbar,뉴프로틴바,https://www.coupang.com/vp/products/6785151252?itemId=14536165141&vendorItemId=71145060793&q=%EB%A7%88%EC%9D%B4%EB%B0%80%20%EB%89%B4%ED%94%84%EB%A1%9C%ED%8B%B4%EB%B0%94&searchId=1531a8d2903025&sourceType=search&itemsCount=36&searchRank=1&rank=1&traceId=mmylql3u,https://search.shopping.naver.com/search/all?query=%EB%A7%88%EC%9D%B4%EB%B0%80%20%EB%89%B4%ED%94%84%EB%A1%9C%ED%8B%B4%EB%B0%94&prevQuery=%EB%89%B4%ED%94%84%EB%A1%9C%ED%8B%B4%EB%B0%94&vertical=search,https://www.wellife.co.kr/categories/index/102000000000
45,myprotein-soft-caramel-choco,소프트 단백질 (카라멜 초코),https://www.coupang.com/vp/products/9160765332?itemId=26983004643&vendorItemId=93951827286&q=%EB%A7%88%EC%9D%B4%ED%94%84%EB%A1%9C%ED%8B%B4%20%EC%86%8C%ED%94%84%ED%8A%B8%20%EB%8B%A8%EB%B0%B1%EC%A7%88%EB%B0%94%20(%EC%B9%B4%EB%9D%BC%EB%A9%9C%20%EC%B4%88%EC%BD%94)&searchId=9fa1d022921095&sourceType=search&itemsCount=36&searchRank=1&rank=1&traceId=mmylsl14,https://search.shopping.naver.com/search/all?query=%EB%A7%88%EC%9D%B4%ED%94%84%EB%A1%9C%ED%8B%B4%20%EC%86%8C%ED%94%84%ED%8A%B8%20%EB%8B%A8%EB%B0%B1%EC%A7%88%20(%EC%B9%B4%EB%9D%BC%EB%A9%9C%20%EC%B4%88%EC%BD%94)&prevQuery=%EB%A7%88%EC%9D%B4%EB%B0%80%20%EB%89%B4%ED%94%84%EB%A1%9C%ED%8B%B4%EB%B0%94&vertical=search,https://www.myprotein.co.kr/c/nutrition/kr-healthy-food-drinks/?utm_source=naver&utm_medium=cpc&affil=mpppc
44,myprotein-soft-lemon-earlgrey,소프트 단백질 (레몬 얼그레이),https://www.coupang.com/vp/products/9160768937?itemId=26983022297&vendorItemId=93951843610&q=%EB%A7%88%EC%9D%B4%ED%94%84%EB%A1%9C%ED%8B%B4+%EC%86%8C%ED%94%84%ED%8A%B8+%EB%8B%A8%EB%B0%B1%EC%A7%88%EB%B0%94+%28%EB%A0%88%EB%AA%AC%EC%96%BC%EA%B7%B8%EB%A0%88%EC%9D%B4%29&searchId=11d6acda930443&sourceType=search&itemsCount=36&searchRank=0&rank=0&traceI,https://search.shopping.naver.com/search/all?query=%EB%A7%88%EC%9D%B4%ED%94%84%EB%A1%9C%ED%8B%B4%20%EC%86%8C%ED%94%84%ED%8A%B8%20%EB%8B%A8%EB%B0%B1%EC%A7%88%20(%EB%A0%88%EB%AA%AC%20%EC%96%BC%EA%B7%B8%EB%A0%88%EC%9D%B4)&prevQuery=%EB%A7%88%EC%9D%B4%ED%94%84%EB%A1%9C%ED%8B%B4%20%EC%86%8C%ED%94%84%ED%8A%B8%20%EB%8B%A8%EB%B0%B1%EC%A7%88%20(%EC%B9%B4%EB%9D%BC%EB%A9%9C%20%EC%B4%88%EC%BD%94)&vertical=search,https://www.myprotein.co.kr/c/nutrition/kr-healthy-food-drinks/?utm_source=naver&utm_medium=cpc&affil=mpppc
46,myprotein-soft-strawberry-yogurt,소프트 단백질 (딸기 요거트),https://www.coupang.com/vp/products/9160773423?itemId=26983040750&vendorItemId=93951862229&q=%EB%A7%88%EC%9D%B4%ED%94%84%EB%A1%9C%ED%8B%B4+%EC%86%8C%ED%94%84%ED%8A%B8+%EB%8B%A8%EB%B0%B1%EC%A7%88%EB%B0%94+%28%EB%94%B8%EA%B8%B0%EC%9A%94%EA%B1%B0%ED%8A%B8%29&searchId=c0e994fc931298&sourceType=search&itemsCount=36&searchRank=1&rank=1&traceId=mmylt6l5,https://search.shopping.naver.com/search/all?query=%EB%A7%88%EC%9D%B4%ED%94%84%EB%A1%9C%ED%8B%B4%20%EC%86%8C%ED%94%84%ED%8A%B8%20%EB%8B%A8%EB%B0%B1%EC%A7%88%20(%EB%94%B8%EA%B8%B0%20%EC%9A%94%EA%B1%B0%ED%8A%B8)&prevQuery=%EB%A7%88%EC%9D%B4%ED%94%84%EB%A1%9C%ED%8B%B4%20%EC%86%8C%ED%94%84%ED%8A%B8%20%EB%8B%A8%EB%B0%B1%EC%A7%88%20(%EB%A0%88%EB%AA%AC%20%EC%96%BC%EA%B7%B8%EB%A0%88%EC%9D%B4)&vertical=search,https://www.myprotein.co.kr/c/nutrition/kr-healthy-food-drinks/?utm_source=naver&utm_medium=cpc&affil=mpppc
37,nobrand-proteinbar-choco,단백질바 초코,,,
69,nobrand-proteinbar-mini,단백질바 미니,https://www.coupang.com/vp/products/8317838740?itemId=17970195889&vendorItemId=91862024634&q=%EB%85%B8%EB%B8%8C%EB%9E%9C%EB%93%9C+%EB%8B%A8%EB%B0%B1%EC%A7%88%EB%B0%94+%EB%AF%B8%EB%8B%88&searchId=b0617e81939253&sourceType=search&itemsCount=36&searchRank=0&rank=0&traceId=mmyltrqg,https://search.shopping.naver.com/search/all?query=%EB%85%B8%EB%B8%8C%EB%9E%9C%EB%93%9C%20%EB%8B%A8%EB%B0%B1%EC%A7%88%EB%B0%94%20%EB%AF%B8%EB%8B%88&prevQuery=%EB%85%B8%EB%B8%8C%EB%9E%9C%EB%93%9C%20%EB%8B%A8%EB%B0%B1%EC%A7%88%EB%B0%94%20%EC%B4%88%EC%BD%94&vertical=search,
33,ondanbaek-protein-bar-apple-cranberry-50,프로틴바 (애플크랜베리),https://www.coupang.com/vp/products/9004312871?itemId=26388106664&vendorItemId=93364470969&q=%EC%98%A8%EB%8B%A8%EB%B0%B1+%ED%94%84%EB%A1%9C%ED%8B%B4%EB%B0%94+%28%EC%95%A0%ED%94%8C%ED%81%AC%EB%9E%9C%EB%B2%A0%EB%A6%AC%29&searchId=57088303446478&sourceType=search&itemsCount=36&searchRank=0&rank=0&traceId=mmyluhz1,https://search.shopping.naver.com/search/all?query=%EC%98%A4%EB%8A%98%EB%8B%A8%EB%B0%B1%20%ED%94%84%EB%A1%9C%ED%8B%B4%EB%B0%94%20(%EC%95%A0%ED%94%8C%ED%81%AC%EB%9E%9C%EB%B2%A0%EB%A6%AC)&prevQuery=%EB%85%B8%EB%B8%8C%EB%9E%9C%EB%93%9C%20%EB%8B%A8%EB%B0%B1%EC%A7%88%EB%B0%94%20%EB%AF%B8%EB%8B%88&vertical=search,
34,ondanbaek-protein-bar-chocolate-fudge-50,프로틴바 (초콜릿퍼지),https://www.coupang.com/vp/products/9004389967?itemId=26388520629&vendorItemId=93364878631&q=%EC%98%A8%EB%8B%A8%EB%B0%B1+%ED%94%84%EB%A1%9C%ED%8B%B4%EB%B0%94+%28%EC%B4%88%EC%BD%9C%EB%A0%9B%ED%8D%BC%EC%A7%80%29&searchId=04036658951213&sourceType=search&itemsCount=36&searchRank=1&rank=1&traceId=mmyluv1y,https://search.shopping.naver.com/search/all?query=%EC%98%A4%EB%8A%98%EB%8B%A8%EB%B0%B1%20%ED%94%84%EB%A1%9C%ED%8B%B4%EB%B0%94%20(%EC%B4%88%EC%BD%9C%EB%A6%BF%ED%8D%BC%EC%A7%80)&prevQuery=%EC%98%A4%EB%8A%98%EB%8B%A8%EB%B0%B1%20%ED%94%84%EB%A1%9C%ED%8B%B4%EB%B0%94%20(%EC%B4%88%EC%BD%94%ED%8D%BC%EC%A7%80)&vertical=search,
60,organica-ola-chewy-protein-bar-berry-almond-35,올라 츄이프로틴바 (베리아몬드),https://www.coupang.com/vp/products/7568537744?itemId=19954713091&vendorItemId=87053593939&pickType=COU_PICK&q=%EC%98%AC%EB%9D%BC+%EC%B8%84%EC%9D%B4%ED%94%84%EB%A1%9C%ED%8B%B4%EB%B0%94+%28%EB%B2%A0%EB%A6%AC%EC%95%84%EB%AA%AC%EB%93%9C%29&searchId=2407382f935736&sourceType=search&itemsCount=36&searchRank=1&rank=1,https://search.shopping.naver.com/search/all?query=%EC%98%AC%EB%9D%BC%20%EC%B8%84%EC%9D%B4%ED%94%84%EB%A1%9C%ED%8B%B4%EB%B0%94%20(%EB%B2%A0%EB%A6%AC%EC%95%84%EB%AA%AC%EB%93%9C)&prevQuery=%EC%98%A4%EB%8A%98%EB%8B%A8%EB%B0%B1%20%ED%94%84%EB%A1%9C%ED%8B%B4%EB%B0%94%20(%EC%B4%88%EC%BD%9C%EB%A6%BF%ED%8D%BC%EC%A7%80)&vertical=search,https://organica.kr/product/list.html?cate_no=29
66,organica-ola-chewy-protein-bar-peanut-cacao-35,올라 츄이프로틴바 (피넛카카오),https://www.coupang.com/vp/products/7573457745?itemId=19977751896&vendorItemId=87076099993&q=%EC%98%AC%EB%9D%BC%20%EC%B8%84%EC%9D%B4%ED%94%84%EB%A1%9C%ED%8B%B4%EB%B0%94%20(%ED%94%BC%EB%84%9B%EC%B9%B4%EC%B9%B4%EC%98%A4)&searchId=8973c4e9455148&sourceType=search&itemsCount=36&searchRank=0&rank=0,https://search.shopping.naver.com/search/all?query=%EC%98%AC%EB%9D%BC%20%EC%B8%84%EC%9D%B4%ED%94%84%EB%A1%9C%ED%8B%B4%EB%B0%94%20(%ED%94%BC%EB%84%9B%EC%B9%B4%EC%B9%B4%EC%98%A4)&prevQuery=%EC%98%AC%EB%9D%BC%20%EC%B8%84%EC%9D%B4%ED%94%84%EB%A1%9C%ED%8B%B4%EB%B0%94%20(%EB%B2%A0%EB%A6%AC%EC%95%84%EB%AA%AC%EB%93%9C)&vertical=search,https://organica.kr/product/list.html?cate_no=29
31,post-proteinbar,단백질바,https://www.coupang.com/vp/products/8990838579?itemId=27689498146&vendorItemId=76679869577&q=%ED%8F%AC%EC%8A%A4%ED%8A%B8+%EB%8B%A8%EB%B0%B1%EC%A7%88%EB%B0%94&searchId=38d834c4945126&sourceType=search&itemsCount=36&searchRank=1&rank=1&traceId=mmylvlu4,https://search.shopping.naver.com/search/all?query=%ED%8F%AC%EC%8A%A4%ED%8A%B8%20%EB%8B%A8%EB%B0%B1%EC%A7%88%EB%B0%94%2050g%2C%2010%EA%B0%9C%EC%9E%85%2C%203%EA%B0%9C&prevQuery=%ED%8F%AC%EC%8A%A4%ED%8A%B8%20%EB%8B%A8%EB%B0%B1%EC%A7%88%EB%B0%94&vertical=search,https://brand.naver.com/dongsuh/category/9816c4067d6c4d9db2e7b9ef54a6a93a?cp=1
67,post-proteinbar-mini,단백질바 미니,https://www.coupang.com/vp/products/8414651411?itemId=24292118425&vendorItemId=91429006800&pickType=COU_PICK&q=%ED%8F%AC%EC%8A%A4%ED%8A%B8+%EB%8B%A8%EB%B0%B1%EC%A7%88%EB%B0%94+%EB%AF%B8%EB%8B%88&searchId=047af5201156239&sourceType=search&itemsCount=36&searchRank=1&rank=1&traceId=mmylw950,https://search.shopping.naver.com/search/all?query=%ED%8F%AC%EC%8A%A4%ED%8A%B8%20%EB%8B%A8%EB%B0%B1%EC%A7%88%EB%B0%94%20%EB%AF%B8%EB%8B%88%2011g%2C%2021%EA%B0%9C%EC%9E%85%2C%206%EA%B0%9C&prevQuery=%ED%8F%AC%EC%8A%A4%ED%8A%B8%20%EB%8B%A8%EB%B0%B1%EC%A7%88%EB%B0%94%20%EB%AF%B8%EB%8B%88&vertical=search,https://brand.naver.com/dongsuh/category/9816c4067d6c4d9db2e7b9ef54a6a93a?cp=1
32,proteinbangatgan-harudanbaekbar-blacksesame,하루단백바 (흑임자),https://www.coupang.com/vp/products/7418046930?itemId=14594141063&vendorItemId=70358095471&pickType=COU_PICK&q=%ED%95%98%EB%A3%A8%EB%8B%A8%EB%B0%B1%EB%B0%94+%28%ED%9D%91%EC%9E%84%EC%9E%90%29&searchId=5fe14a28969686&sourceType=search&itemsCount=36&searchRank=1&rank=1&traceId=mmylwnns,https://search.shopping.naver.com/search/all?query=%ED%95%98%EB%A3%A8%EB%8B%A8%EB%B0%B1%EB%B0%94%20(%ED%9D%91%EC%9E%84%EC%9E%90)&prevQuery=%ED%8F%AC%EC%8A%A4%ED%8A%B8%20%EB%8B%A8%EB%B0%B1%EC%A7%88%EB%B0%94%20%EB%AF%B8%EB%8B%88%2011g%2C%2021%EA%B0%9C%EC%9E%85%2C%206%EA%B0%9C&vertical=search,https://dailyprotein.co.kr/product/list.html?cate_no=57
35,proteinbangatgan-harudanbaekbar-cheeseberry,하루단백바 (치즈베리),https://www.coupang.com/vp/products/7032486701?itemId=14868618255&vendorItemId=70425565016&pickType=COU_PICK&q=%ED%95%98%EB%A3%A8%EB%8B%A8%EB%B0%B1%EB%B0%94+%28%EC%B9%98%EC%A6%88%EB%B2%A0%EB%A6%AC%29&searchId=3c6b1799973070&sourceType=search&itemsCount=36&searchRank=0&rank=0&traceId=mmylx134,https://search.shopping.naver.com/search/all?query=%ED%95%98%EB%A3%A8%EB%8B%A8%EB%B0%B1%EB%B0%94%20(%EC%B9%98%EC%A6%88%EB%B2%A0%EB%A6%AC)&prevQuery=%ED%95%98%EB%A3%A8%EB%8B%A8%EB%B0%B1%EB%B0%94%20(%ED%9D%91%EC%9E%84%EC%9E%90)&vertical=search,https://dailyprotein.co.kr/product/list.html?cate_no=57
47,proteinbangatgan-harudanbaekbar-jetchococake,하루단백바 (제트초코케이크),https://www.coupang.com/vp/products/6887950771?itemId=23206717467&vendorItemId=81906317180&pickType=COU_PICK&q=%ED%95%98%EB%A3%A8%EB%8B%A8%EB%B0%B1%EB%B0%94+%28%EC%A0%9C%ED%8A%B8%EC%B4%88%EC%BD%94%EC%BC%80%EC%9D%B4%ED%81%AC%29&searchId=58599f11957038&sourceType=search&itemsCount=36&searchRank=1&rank=1&traceId=mmylxeme,https://search.shopping.naver.com/search/all?query=%ED%95%98%EB%A3%A8%EB%8B%A8%EB%B0%B1%EB%B0%94%20(%EC%A0%9C%ED%8A%B8%EC%B4%88%EC%BD%94%EC%BC%80%EC%9D%B4%ED%81%AC)&prevQuery=%ED%95%98%EB%A3%A8%EB%8B%A8%EB%B0%B1%EB%B0%94%20(%EC%B9%98%EC%A6%88%EB%B2%A0%EB%A6%AC)&vertical=search,https://dailyprotein.co.kr/product/list.html?cate_no=57
27,quest-nutrition-protein-bar-blueberry-muffin-60,단백질바 (블루베리 머핀),https://www.coupang.com/vp/products/7096080662?itemId=25437843435&vendorItemId=3074917873&q=%ED%80%98%EC%8A%A4%ED%8A%B8%20%EB%8B%A8%EB%B0%B1%EC%A7%88%EB%B0%94%20(%EB%B8%94%EB%A3%A8%EB%B2%A0%EB%A6%AC%20%EB%A8%B8%ED%95%80)&searchId=5eaecfc3963590&sourceType=search&itemsCount=36&searchRank=0&rank=0&traceId=mmylxwlk,https://search.shopping.naver.com/search/all?query=%ED%80%98%EC%8A%A4%ED%8A%B8%20%EB%8B%A8%EB%B0%B1%EC%A7%88%EB%B0%94%20(%EB%B8%94%EB%A3%A8%EB%B2%A0%EB%A6%AC%20%EB%A8%B8%ED%95%80)&prevQuery=%ED%95%98%EB%A3%A8%EB%8B%A8%EB%B0%B1%EB%B0%94%20(%EC%A0%9C%ED%8A%B8%EC%B4%88%EC%BD%94%EC%BC%80%EC%9D%B4%ED%81%AC)&vertical=search,
26,quest-nutrition-protein-bar-chocolate-chip-cookie-dough-60,단백질바 (초코칩 쿠키도우),https://www.coupang.com/vp/products/6473479350?itemId=6140630482&vendorItemId=3273024094&q=%ED%80%98%EC%8A%A4%ED%8A%B8+%EB%8B%A8%EB%B0%B1%EC%A7%88%EB%B0%94+%28%EC%B4%88%EC%BD%94%EC%B9%A9+%EC%BF%A0%ED%82%A4%EB%8F%84%EC%9A%B0%29&searchId=3f99c2e2982830&sourceType=search&itemsCount=36&searchRank=0&rank=0&traceId=mmyly7lo,https://search.shopping.naver.com/search/all?query=%ED%80%98%EC%8A%A4%ED%8A%B8%20%EB%8B%A8%EB%B0%B1%EC%A7%88%EB%B0%94%20(%EC%B4%88%EC%BD%94%EC%B9%A9%20%EC%BF%A0%ED%82%A4%EB%8F%84%EC%9A%B0)&prevQuery=%ED%80%98%EC%8A%A4%ED%8A%B8%20%EB%8B%A8%EB%B0%B1%EC%A7%88%EB%B0%94%20(%EB%B8%94%EB%A3%A8%EB%B2%A0%EB%A6%AC%20%EB%A8%B8%ED%95%80)&vertical=search,
20,quest-nutrition-protein-bar-chocolate-peanutbutter-60,단백질바 (초콜릿 피넛버터),https://www.coupang.com/vp/products/8293488643?itemId=11613101448&vendorItemId=78887782370&q=%ED%80%98%EC%8A%A4%ED%8A%B8%20%EB%8B%A8%EB%B0%B1%EC%A7%88%EB%B0%94%20(%EC%B4%88%EC%BD%9C%EB%A6%BF%20%ED%94%BC%EB%84%9B%EB%B2%84%ED%84%B0)&searchId=d5d87c04989767&sourceType=search&itemsCount=36&searchRank=0&rank=0&traceId=mmylykbp,https://search.shopping.naver.com/search/all?query=%ED%80%98%EC%8A%A4%ED%8A%B8%20%EB%8B%A8%EB%B0%B1%EC%A7%88%EB%B0%94%20(%EC%B4%88%EC%BD%9C%EB%A6%BF%20%ED%94%BC%EB%84%9B%EB%B2%84%ED%84%B0)&prevQuery=%ED%80%98%EC%8A%A4%ED%8A%B8%20%EB%8B%A8%EB%B0%B1%EC%A7%88%EB%B0%94%20(%EC%B4%88%EC%BD%94%EC%B9%A9%20%EC%BF%A0%ED%82%A4%EB%8F%84%EC%9A%B0)&vertical=search,
25,quest-nutrition-protein-bar-cookie-cream-60,단백질바 (쿠키 앤 크림),https://www.coupang.com/vp/products/8203795772?itemId=19443583332&vendorItemId=86554548810&q=%ED%80%98%EC%8A%A4%ED%8A%B8%20%EB%8B%A8%EB%B0%B1%EC%A7%88%EB%B0%94%20(%EC%BF%A0%ED%82%A4%20%EC%95%A4%20%ED%81%AC%EB%A6%BC)&searchId=28d27958971945&sourceType=search&itemsCount=36&searchRank=0&rank=0,https://search.shopping.naver.com/search/all?query=%ED%80%98%EC%8A%A4%ED%8A%B8%20%ED%94%84%EB%A1%9C%ED%8B%B4%EB%B0%94%20%EC%BF%A0%ED%82%A4%EC%95%A4%ED%81%AC%EB%A6%BC%2060g%2012%ED%8C%A9&prevQuery=%5B%EC%95%84%EB%A7%88%EC%A1%B4%20%EA%B3%B5%EC%8B%9D%5D%ED%80%98%EC%8A%A4%ED%8A%B8%20%ED%94%84%EB%A1%9C%ED%8B%B4%EB%B0%94%20%EC%BF%A0%ED%82%A4%EC%95%A4%ED%81%AC%EB%A6%BC%2060g%2012%ED%8C%A9&vertical=search,
22,quest-nutrition-protein-bar-deep-chocolate-chip-cookie-dough-60,단백질바 (딥 초콜릿칩 쿠키도우),https://www.coupang.com/vp/products/8011816243?itemId=24520738215&vendorItemId=91533472466&q=%ED%80%98%EC%8A%A4%ED%8A%B8+%EB%8B%A8%EB%B0%B1%EC%A7%88%EB%B0%94+%28%EB%94%A5+%EC%B4%88%EC%BD%9C%EB%A6%BF%EC%B9%A9+%EC%BF%A0%ED%82%A4%EB%8F%84%EC%9A%B0%29&searchId=fb30c3ef976465&sourceType=search&itemsCount=36&searchRank=0&rank=0&traceId=mmylz43a,https://search.shopping.naver.com/search/all?query=%ED%80%98%EC%8A%A4%ED%8A%B8%20%EB%8B%A8%EB%B0%B1%EC%A7%88%EB%B0%94%20(%EB%94%A5%20%EC%B4%88%EC%BD%9C%EB%A6%BF%EC%B9%A9%20%EC%BF%A0%ED%82%A4%EB%8F%84%EC%9A%B0)&prevQuery=%ED%80%98%EC%8A%A4%ED%8A%B8%20%EB%8B%A8%EB%B0%B1%EC%A7%88%EB%B0%94%20(%EB%94%A5%EB%94%94%EC%89%AC%20%EC%BF%A0%ED%82%A4%20%EC%95%A4%20%ED%81%AC%EB%A6%BC)&vertical=search,
29,quest-nutrition-protein-bar-deep-dish-cookie-cream-60,단백질바 (딥디쉬 쿠키 앤 크림),https://www.coupang.com/vp/products/8203795772?itemId=19443583332&vendorItemId=86554548810&q=%ED%80%98%EC%8A%A4%ED%8A%B8%20%EB%8B%A8%EB%B0%B1%EC%A7%88%EB%B0%94%20(%EB%94%A5%EB%94%94%EC%89%AC%20%EC%BF%A0%ED%82%A4%20%EC%95%A4%20%ED%81%AC%EB%A6%BC)&searchId=c4f208ff383663&sourceType=search&itemsCount=36&searchRank=0&rank=0&traceId=mmylze2o,https://search.shopping.naver.com/search/all?query=%ED%80%98%EC%8A%A4%ED%8A%B8%EB%89%B4%ED%8A%B8%EB%A6%AC%EC%85%98%20%ED%94%84%EB%A1%9C%ED%8B%B4%EB%B0%94%20%EB%94%A5%20%EC%BF%A0%ED%82%A4%20%EC%95%A4%20%ED%81%AC%EB%A6%BC%2050g%20%EB%8B%A8%EB%B0%B1%EC%A7%88%EB%B0%94%2012%EA%B0%9C%EC%9E%85&prevQuery=%ED%80%98%EC%8A%A4%ED%8A%B8%20%EB%8B%A8%EB%B0%B1%EC%A7%88%EB%B0%94%20(%EB%94%A5%EB%94%94%EC%89%AC%20%EC%BF%A0%ED%82%A4%20%EC%95%A4%20%ED%81%AC%EB%A6%BC)&vertical=search,
19,quest-nutrition-protein-bar-double-chocolate-chunk-60,단백질바 (더블 초콜릿 청크),https://www.coupang.com/vp/products/7353267098?itemId=8513501643&vendorItemId=3273007281&pickType=COU_PICK&q=%ED%80%98%EC%8A%A4%ED%8A%B8%20%EB%8B%A8%EB%B0%B1%EC%A7%88%EB%B0%94%20(%EB%8D%94%EB%B8%94%20%EC%B4%88%EC%BD%9C%EB%A6%BF%20%EC%B2%AD%ED%81%AC)&searchId=840efd2e998015&sourceType=search&itemsCount=36&searchRank=0&rank=0&traceId=mmylzn21,https://search.shopping.naver.com/search/all?query=%ED%80%98%EC%8A%A4%ED%8A%B8%EB%89%B4%ED%8A%B8%EB%A6%AC%EC%85%98%20%EB%8B%A8%EB%B0%B1%EC%A7%88%EB%B0%94%20(%EB%8D%94%EB%B8%94%20%EC%B4%88%EC%BD%9C%EB%A6%BF%20%EC%B2%AD%ED%81%AC)&prevQuery=%ED%80%98%EC%8A%A4%ED%8A%B8%EB%89%B4%ED%8A%B8%EB%A6%AC%EC%85%98%20%ED%94%84%EB%A1%9C%ED%8B%B4%EB%B0%94%20%EB%94%A5%20%EC%BF%A0%ED%82%A4%20%EC%95%A4%20%ED%81%AC%EB%A6%BC%2050g%20%EB%8B%A8%EB%B0%B1%EC%A7%88%EB%B0%94%2012%EA%B0%9C%EC%9E%85&vertical=search,
23,quest-nutrition-protein-bar-lemon-cake-60,단백질바 (레몬 케이크),https://www.coupang.com/vp/products/8290754918?itemId=26512521916&vendorItemId=94573956947&q=%ED%80%98%EC%8A%A4%ED%8A%B8%20%EB%8B%A8%EB%B0%B1%EC%A7%88%EB%B0%94%20(%EB%A0%88%EB%AA%AC%20%EC%BC%80%EC%9D%B4%ED%81%AC)&searchId=ef6a40b11003362&sourceType=search&itemsCount=36&searchRank=0&rank=0,https://search.shopping.naver.com/search/all?query=%ED%80%98%EC%8A%A4%ED%8A%B8%EB%89%B4%ED%8A%B8%EB%A6%AC%EC%85%98%20%EB%8B%A8%EB%B0%B1%EC%A7%88%EB%B0%94%20(%EB%A0%88%EB%AA%AC%20%EC%BC%80%EC%9D%B4%ED%81%AC)&prevQuery=%ED%80%98%EC%8A%A4%ED%8A%B8%EB%89%B4%ED%8A%B8%EB%A6%AC%EC%85%98%20%EB%8B%A8%EB%B0%B1%EC%A7%88%EB%B0%94%20(%EB%8D%94%EB%B8%94%20%EC%B4%88%EC%BD%9C%EB%A6%BF%20%EC%B2%AD%ED%81%AC)&vertical=search,
24,quest-nutrition-protein-bar-mint-chocolate-chunk-60,단백질바 (민트 초콜릿 청크),https://www.coupang.com/vp/products/7608302172?itemId=26026308930&vendorItemId=95043303588&q=%ED%80%98%EC%8A%A4%ED%8A%B8+%EB%8B%A8%EB%B0%B1%EC%A7%88%EB%B0%94+%28%EB%AF%BC%ED%8A%B8+%EC%B4%88%EC%BD%9C%EB%A6%BF+%EC%B2%AD%ED%81%AC%29&searchId=b00f3c1c987624&sourceType=search&itemsCount=36&searchRank=0&rank=0&traceId=mmym093s,https://search.shopping.naver.com/search/all?query=%ED%80%98%EC%8A%A4%ED%8A%B8%EB%89%B4%ED%8A%B8%EB%A6%AC%EC%85%98%20%EB%8B%A8%EB%B0%B1%EC%A7%88%EB%B0%94%20(%EB%AF%BC%ED%8A%B8%20%EC%B4%88%EC%BD%9C%EB%A6%BF%20%EC%B2%AD%ED%81%AC)&prevQuery=%ED%80%98%EC%8A%A4%ED%8A%B8%EB%89%B4%ED%8A%B8%EB%A6%AC%EC%85%98%20%EB%8B%A8%EB%B0%B1%EC%A7%88%EB%B0%94%20(%EB%A0%88%EB%AA%AC%20%EC%BC%80%EC%9D%B4%ED%81%AC)&vertical=search,
21,quest-nutrition-protein-bar-oatmeal-chocolate-chip-60,단백질바 (오트밀 초콜릿 칩),https://www.coupang.com/vp/products/9443502489?itemId=28088958477&vendorItemId=95045300508&q=%ED%80%98%EC%8A%A4%ED%8A%B8%20%EB%8B%A8%EB%B0%B1%EC%A7%88%EB%B0%94%20(%EC%98%A4%ED%8A%B8%EB%B0%80%20%EC%B4%88%EC%BD%9C%EB%A6%BF%20%EC%B9%A9)&searchId=baa32a251008710&sourceType=search&itemsCount=36&searchRank=0&rank=0&traceId=mmym0kx8,https://search.shopping.naver.com/search/all?query=%ED%80%98%EC%8A%A4%ED%8A%B8%EB%89%B4%ED%8A%B8%EB%A6%AC%EC%85%98%20%EB%8B%A8%EB%B0%B1%EC%A7%88%EB%B0%94%20(%EC%98%A4%ED%8A%B8%EB%B0%80%20%EC%B4%88%EC%BD%9C%EB%A6%BF%20%EC%B9%A9)&prevQuery=%ED%80%98%EC%8A%A4%ED%8A%B8%EB%89%B4%ED%8A%B8%EB%A6%AC%EC%85%98%20%EB%8B%A8%EB%B0%B1%EC%A7%88%EB%B0%94%20(%EB%AF%BC%ED%8A%B8%20%EC%B4%88%EC%BD%9C%EB%A6%BF%20%EC%B2%AD%ED%81%AC)&vertical=search,
30,quest-nutrition-protein-bar-smores-60,단백질바 (스모어),https://www.coupang.com/vp/products/5546189150?itemId=13705624022&vendorItemId=3180840275&pickType=COU_PICK&q=%ED%80%98%EC%8A%A4%ED%8A%B8%20%EB%8B%A8%EB%B0%B1%EC%A7%88%EB%B0%94%20(%EC%8A%A4%EB%AA%A8%EC%96%B4)&searchId=2c63dd3c1008697&sourceType=search&itemsCount=36&searchRank=0&rank=0&traceId=mmym0uo6,https://search.shopping.naver.com/search/all?query=%ED%80%98%EC%8A%A4%ED%8A%B8%EB%89%B4%ED%8A%B8%EB%A6%AC%EC%85%98%20%EB%8B%A8%EB%B0%B1%EC%A7%88%EB%B0%94%20(%EC%8A%A4%EB%AA%A8%EC%96%B4)&prevQuery=%ED%80%98%EC%8A%A4%ED%8A%B8%EB%89%B4%ED%8A%B8%EB%A6%AC%EC%85%98%20%EB%8B%A8%EB%B0%B1%EC%A7%88%EB%B0%94%20(%EC%98%A4%ED%8A%B8%EB%B0%80%20%EC%B4%88%EC%BD%9C%EB%A6%BF%20%EC%B9%A9)&vertical=search,
28,quest-nutrition-protein-bar-white-chocolate-raspberry-60,단백질바 (화이트 초콜릿 라즈베리),https://www.coupang.com/vp/products/8203768035?itemId=24520725276&vendorItemId=91533460244&q=%ED%80%98%EC%8A%A4%ED%8A%B8%20%EB%8B%A8%EB%B0%B1%EC%A7%88%EB%B0%94%20(%ED%99%94%EC%9D%B4%ED%8A%B8%20%EC%B4%88%EC%BD%9C%EB%A6%BF%20%EB%9D%BC%EC%A6%88%EB%B2%A0%EB%A6%AC)&searchId=088fd3601016273&sourceType=search&itemsCount=36&searchRank=0&rank=0&traceId=mmym13sa,https://search.shopping.naver.com/search/all?query=%ED%80%98%EC%8A%A4%ED%8A%B8%EB%89%B4%ED%8A%B8%EB%A6%AC%EC%85%98%20%EB%8B%A8%EB%B0%B1%EC%A7%88%EB%B0%94%20(%ED%99%94%EC%9D%B4%ED%8A%B8%20%EC%B4%88%EC%BD%9C%EB%A6%BF%20%EB%9D%BC%EC%A6%88%EB%B2%A0%EB%A6%AC)&prevQuery=%ED%80%98%EC%8A%A4%ED%8A%B8%EB%89%B4%ED%8A%B8%EB%A6%AC%EC%85%98%20%EB%8B%A8%EB%B0%B1%EC%A7%88%EB%B0%94%20(%EC%8A%A4%EB%AA%A8%EC%96%B4)&vertical=search,
39,selex-proteinbar-berryoat,프로틴바 베리오트,https://www.coupang.com/vp/products/6925112745?itemId=18626017279&vendorItemId=85761396304&q=%EC%85%80%EB%A0%89%EC%8A%A4+%ED%94%84%EB%A1%9C%ED%8B%B4%EB%B0%94+%EB%B2%A0%EB%A6%AC%EC%98%A4%ED%8A%B8&searchId=61538ada1018117&sourceType=search&itemsCount=36&searchRank=0&rank=0&traceId=mmym1hw9,https://search.shopping.naver.com/search/all?query=%EC%85%80%EB%A0%89%EC%8A%A4%20%ED%94%84%EB%A1%9C%ED%8B%B4%EB%B0%94%20%EB%B2%A0%EB%A6%AC%EC%98%A4%ED%8A%B8&prevQuery=%ED%80%98%EC%8A%A4%ED%8A%B8%EB%89%B4%ED%8A%B8%EB%A6%AC%EC%85%98%20%EB%8B%A8%EB%B0%B1%EC%A7%88%EB%B0%94%20(%ED%99%94%EC%9D%B4%ED%8A%B8%20%EC%B4%88%EC%BD%9C%EB%A6%BF%20%EB%9D%BC%EC%A6%88%EB%B2%A0%EB%A6%AC)&vertical=search,https://brand.naver.com/selex/category/8dad6b63c9314e51921ff5c3af1d0586?cp=1
16,syntha6-crispy-choco,프로틴 키리스프 단백질바 (초콜릿 크런치),https://www.coupang.com/vp/products/7164823921?itemId=18038351400&vendorItemId=3074885957&sourceType=srp_product_ads&clickEventId=09bd9ef0-2433-11f1-8b9b-513c628434e6&korePlacement=15&koreSubPlacement=1&clickEventId=09bd9ef0-2433-11f1-8b9b-513c628434e6&korePlacement=15&koreSubPlacement=1&traceId=mmym1wtu,https://search.shopping.naver.com/search/all?query=%ED%94%84%EB%A1%9C%ED%8B%B4%20%ED%81%AC%EB%A6%AC%EC%8A%A4%ED%94%84%20%EB%8B%A8%EB%B0%B1%EC%A7%88%EB%B0%94%20(%EC%B4%88%EC%BD%9C%EB%A6%BF%20%ED%81%AC%EB%9F%B0%EC%B9%98)&prevQuery=%ED%94%84%EB%A1%9C%ED%8B%B4%20%ED%82%A4%EB%A6%AC%EC%8A%A4%ED%94%84%20%EB%8B%A8%EB%B0%B1%EC%A7%88%EB%B0%94%20(%EC%B4%88%EC%BD%9C%EB%A6%BF%20%ED%81%AC%EB%9F%B0%EC%B9%98)&vertical=search,
38,thedanbaek-crunchbar-choco,크런치바 (초코),https://www.coupang.com/vp/products/7480831330?itemId=20323061243&vendorItemId=77244925095&pickType=COU_PICK&q=%EB%8D%94%EB%8B%A8%EB%B0%B1+%ED%81%AC%EB%9F%B0%EC%B9%98%EB%B0%94+%28%EC%B4%88%EC%BD%94%29&searchId=7f8770e61024834&sourceType=search&itemsCount=36&searchRank=0&rank=0&traceId=mmym2c8i,https://search.shopping.naver.com/search/all?query=%EB%8D%94%EB%8B%A8%EB%B0%B1%20%ED%81%AC%EB%9F%B0%EC%B9%98%EB%B0%94%20(%EC%B4%88%EC%BD%94)&prevQuery=%ED%81%AC%EB%9F%B0%EC%B9%98%EB%B0%94%20(%EC%B4%88%EC%BD%94)&vertical=search,https://brand.naver.com/binggrae/category/049c9ae6a1d6408fa9162ecf9c2cf05d?cp=1
40,thedanbaek-crunchbar-peanutbutter,크런치바 (피넛버터),https://www.coupang.com/vp/products/7493180080?itemId=25380297317&vendorItemId=83394283734&q=%EB%8D%94%EB%8B%A8%EB%B0%B1%20%ED%81%AC%EB%9F%B0%EC%B9%98%EB%B0%94%20(%ED%94%BC%EB%84%9B%EB%B2%84%ED%84%B0)&searchId=776dc5d81032684&sourceType=search&itemsCount=36&searchRank=0&rank=0,https://search.shopping.naver.com/search/all?query=%EB%8D%94%EB%8B%A8%EB%B0%B1%20%ED%81%AC%EB%9F%B0%EC%B9%98%EB%B0%94%20(%EC%B4%88%EC%BD%94)&prevQuery=%ED%81%AC%EB%9F%B0%EC%B9%98%EB%B0%94%20(%EC%B4%88%EC%BD%94)&vertical=search,https://brand.naver.com/binggrae/category/049c9ae6a1d6408fa9162ecf9c2cf05d?cp=1
41,thedanbaek-mildbar-almondcookie,마일드바 (아몬드쿠키),https://www.coupang.com/vp/products/7493175366?itemId=19597641195&vendorItemId=83394361334&q=%EB%8D%94%EB%8B%A8%EB%B0%B1%20%EB%A7%88%EC%9D%BC%EB%93%9C%EB%B0%94%20(%EC%95%84%EB%AA%AC%EB%93%9C%EC%BF%A0%ED%82%A4)&searchId=0f0070bd1016661&sourceType=search&itemsCount=36&searchRank=0&rank=0&traceId=mmym2x34,https://search.shopping.naver.com/search/all?query=%EB%8D%94%EB%8B%A8%EB%B0%B1%20%EB%A7%88%EC%9D%BC%EB%93%9C%EB%B0%94%20(%EC%95%84%EB%AA%AC%EB%93%9C%EC%BF%A0%ED%82%A4)&prevQuery=%EB%8D%94%EB%8B%A8%EB%B0%B1%20%ED%81%AC%EB%9F%B0%EC%B9%98%EB%B0%94%20(%EC%B4%88%EC%BD%94)&vertical=search,https://brand.naver.com/binggrae/category/049c9ae6a1d6408fa9162ecf9c2cf05d?cp=1
72,labnosh-cookiebar-milktea-35,단백쿠키바 밀크티,,,
73,labnosh-cookiebar-blackcookie-35,단백쿠키바 블랙쿠키,,,
74,labnosh-cookiebar-cookie-cream-35,단백쿠키바 쿠키앤크림,,,
75,labnosh-cookiebar-peanutbutter-35,단백쿠키바 피넛버터,,,
76,selex-protein-nutsbar,프로틴 너츠바,,,
77,oneuldanbaek-milkchoco-strawberry-bar-48,밀크초코 스트로베리 바,,,
78,oneuldanbaek-milkchoco-cheesecake-bar-48,밀크초코 치즈케이크 바,,,
79,oneuldanbaek-milkchoco-caramel-bar-48,밀크초코 카라멜 바,,,
80,oneuldanbaek-milkchoco-pistachio-bar-48,밀크초코 피스타치오 바,,,
