slug,productName
dryou-proteinbar-pro-3nuts-crunch,프로 단백질바 (3넛츠 크런치)
dryou-proteinbar-pro-choco-classic,프로 단백질바 (초코 클래식)
dryou-proteinbar-pro-crunch,프로 단백질바 (크런치)
kirkland-proteinbar-choco-brownie,프로틴바 초콜릿 브라우니
kirkland-proteinbar-choco-chip-cookie-dough-60,프로틴바 초코칩 쿠키도우
benof-proteinbar-chunky-choco,단백질바 (청키초콜릿)
benof-proteinbar-truffle-peanutbutter-choco,단백질바 (트러플피넛버터초콜릿)
benof-softbar-peanutbutter,소프트바 (피넛버터)
benof-softbar-cookie-cream,소프트바 (쿠키앤크림)
benof-softbar-chocolate-caramel,소프트바 (초콜릿카라멜)
benof-softbar-cacao,소프트바 (카카오)
benof-softbar-black-sesame,소프트바 (흑임자)
benof-softbar-injeolmi,소프트바 (인절미)
benof-softbar-roasted-sweetpotato,소프트바 (군고구마)
benof-softbar-berry-cheesecake,소프트바 (베리베리치즈케이크)
syntha6-crispy-choco,프로틴 키리스프 단백질바 (초콜릿 크런치)
bsn-protein-crisp-peanut-butter-crunch,프로틴 키리스프 단백질바 (피넛 버터 크런치)
bsn-protein-crisp-salted-toffee-pretzel,프로틴 키리스프 단백질바 (솔티드 토피 프레첼)
quest-nutrition-protein-bar-double-chocolate-chunk-60,단백질바 (더블 초콜릿 청크)
quest-nutrition-protein-bar-chocolate-peanutbutter-60,단백질바 (초콜릿 피넛버터)
quest-nutrition-protein-bar-oatmeal-chocolate-chip-60,단백질바 (오트밀 초콜릿 칩)
quest-nutrition-protein-bar-deep-chocolate-chip-cookie-dough-60,단백질바 (딥 초콜릿칩 쿠키도우)
quest-nutrition-protein-bar-lemon-cake-60,단백질바 (레몬 케이크)
quest-nutrition-protein-bar-mint-chocolate-chunk-60,단백질바 (민트 초콜릿 청크)
quest-nutrition-protein-bar-cookie-cream-60,단백질바 (쿠키 앤 크림)
quest-nutrition-protein-bar-chocolate-chip-cookie-dough-60,단백질바 (초코칩 쿠키도우)
quest-nutrition-protein-bar-blueberry-muffin-60,단백질바 (블루베리 머핀)
quest-nutrition-protein-bar-white-chocolate-raspberry-60,단백질바 (화이트 초콜릿 라즈베리)
quest-nutrition-protein-bar-deep-dish-cookie-cream-60,단백질바 (딥디쉬 쿠키 앤 크림)
quest-nutrition-protein-bar-smores-60,단백질바 (스모어)
post-proteinbar,단백질바
proteinbangatgan-harudanbaekbar-blacksesame,하루단백바 (흑임자)
ondanbaek-protein-bar-apple-cranberry-50,프로틴바 (애플크랜베리)
ondanbaek-protein-bar-chocolate-fudge-50,프로틴바 (초콜릿퍼지)
proteinbangatgan-harudanbaekbar-cheeseberry,하루단백바 (치즈베리)
himnaego-protein-bar-dark-chocolate-50,단백질바 (다크 초콜릿)
nobrand-proteinbar-choco,단백질바 초코
thedanbaek-crunchbar-choco,크런치바 (초코)
selex-proteinbar-berryoat,프로틴바 베리오트
thedanbaek-crunchbar-peanutbutter,크런치바 (피넛버터)
thedanbaek-mildbar-almondcookie,마일드바 (아몬드쿠키)
hymune-activebar-nuts,액티브바 (넛츠)
mymil-new-proteinbar,뉴프로틴바
myprotein-soft-lemon-earlgrey,소프트 단백질 (레몬 얼그레이)
myprotein-soft-caramel-choco,소프트 단백질 (카라멜 초코)
myprotein-soft-strawberry-yogurt,소프트 단백질 (딸기 요거트)
proteinbangatgan-harudanbaekbar-jetchococake,하루단백바 (제트초코케이크)
dryou-proteinbar-bite-crunch,프로 단백질바 한입쏙 (크런치)
dryou-proteinbar-nuts,단백질바 (견과)
dryou-proteinbar-pro-bite-choco-classic,프로 단백질바 한입쏙 (초코 클래식)
danbaekhani-protein-bar-choco-38,프로틴바 (초코)
danbaekhani-protein-bar-signature-31,프로틴바 시그니처
danbaekhani-protein-bar-berry-30,프로틴바 (베리)
danbaekhani-protein-bar-peanutbutter-38,프로틴바 (피넛버터)
danbaekhani-protein-bar-matcha-choco-38,프로틴바 (말차초코)
labnosh-foodbar-mildchoco,푸드바 마일드 초코
cralo-plant-proteinbar,식물성단백질바
crown-highprotein-chocobar,고단백질초코바
calobye-daily-nuts-proteinbar,하루견과 단백질바
organica-ola-chewy-protein-bar-berry-almond-35,올라 츄이프로틴바 (베리아몬드)
kellogg-protein-granolabar-savory,프로틴 그래놀라바 (고소한맛)
kellogg-proteinbark-nuts,프로틴바K (견과)
kellogg-proteinbark-caramel-nuts,프로틴바K (카라멜&넛)
kellogg-proteinbark-hazelnut-darkchoco,프로틴바K (헤이즐넛&다크초코)
dryou-proteinbar-mini-nuts,단백질바 미니 (견과)
organica-ola-chewy-protein-bar-peanut-cacao-35,올라 츄이프로틴바 (피넛카카오)
post-proteinbar-mini,단백질바 미니
gomgom-proteinbar-mini,단백질바 미니
nobrand-proteinbar-mini,단백질바 미니
lottewellfood-easyprotein-highprotein-crispy,이지프로틴 고단백질바 (크리스피)
lottewellfood-easyprotein-energy-bar,이지프로틴 에너지단백질바
labnosh-cookiebar-milktea-35,단백쿠키바 밀크티
labnosh-cookiebar-blackcookie-35,단백쿠키바 블랙쿠키
labnosh-cookiebar-cookie-cream-35,단백쿠키바 쿠키앤크림
labnosh-cookiebar-peanutbutter-35,단백쿠키바 피넛버터
selex-protein-nutsbar,프로틴 너츠바
oneuldanbaek-milkchoco-strawberry-bar-48,밀크초코 스트로베리 바
oneuldanbaek-milkchoco-cheesecake-bar-48,밀크초코 치즈케이크 바
oneuldanbaek-milkchoco-caramel-bar-48,밀크초코 카라멜 바
oneuldanbaek-milkchoco-pistachio-bar-48,밀크초코 피스타치오 바
