 No,slug,productName,coupangUrl,naverUrl,officialUrl
84,yonsei-severance-a2-protein-original-190,세브란스 A2 프로틴 (오리지널),https://www.coupang.com/vp/products/8219572352?itemId=23620654968&vendorItemId=91347511123&pickType=COU_PICK&q=%EC%84%B8%EB%B8%8C%EB%9E%80%EC%8A%A4+A2+%ED%94%84%EB%A1%9C%ED%8B%B4+%28%EC%98%A4%EB%A6%AC%EC%A7%80%EB%84%90%29&searchId=70bad8157861679&sourceType=search&itemsCount=36&searchRank=3&rank=3&traceId=mmyahz2y,https://search.shopping.naver.com/search/all?where=all&frm=NVSCTAB&query=%EC%84%B8%EB%B8%8C%EB%9E%80%EC%8A%A4+A2+%ED%94%84%EB%A1%9C%ED%8B%B4+%28%EC%98%A4%EB%A6%AC%EC%A7%80%EB%84%90%29,https://yonseidairy.com/goods/goods_list.php?cateCd=022013
67,yonsei-severance-a2-protein-coffee-190,세브란스 A2 프로틴 (커피),https://www.coupang.com/vp/products/9416923270?itemId=27984113701&vendorItemId=94941830748&q=%EC%84%B8%EB%B8%8C%EB%9E%80%EC%8A%A4+A2+%ED%94%84%EB%A1%9C%ED%8B%B4+%28%EC%BB%A4%ED%94%BC%29&searchId=07fe23292002822&sourceType=search&itemsCount=36&searchRank=0&rank=0&traceId=mmyaj0cd,https://search.shopping.naver.com/search/all?query=%EC%84%B8%EB%B8%8C%EB%9E%80%EC%8A%A4%20A2%20%ED%94%84%EB%A1%9C%ED%8B%B4%20(%EC%BB%A4%ED%94%BC)&prevQuery=%EC%84%B8%EB%B8%8C%EB%9E%80%EC%8A%A4%20A2%20%ED%94%84%EB%A1%9C%ED%8B%B4%20(zjvl)&vertical=search,https://yonseidairy.com/goods/goods_list.php?cateCd=022013
66,yonsei-severance-a2-protein-choco-190,세브란스 A2 프로틴 (초콜릿),https://www.coupang.com/vp/products/9414106924?itemId=27991913848&vendorItemId=94949505337&q=%EC%84%B8%EB%B8%8C%EB%9E%80%EC%8A%A4+A2+%ED%94%84%EB%A1%9C%ED%8B%B4+%28%EC%B4%88%EC%BD%9C%EB%A6%BF%29&searchId=eed25e5c3533852&sourceType=search&itemsCount=36&searchRank=0&rank=0&traceId=mmyajeip,https://search.shopping.naver.com/search/all?query=%EC%84%B8%EB%B8%8C%EB%9E%80%EC%8A%A4%20A2%20%ED%94%84%EB%A1%9C%ED%8B%B4%20(%EC%B4%88%EC%BD%9C%EB%A6%BF)&prevQuery=%EC%84%B8%EB%B8%8C%EB%9E%80%EC%8A%A4%20A2%20%ED%94%84%EB%A1%9C%ED%8B%B4%20(%EC%BB%A4%ED%94%BC)&vertical=search,https://yonseidairy.com/goods/goods_list.php?cateCd=022013
21,ultive-vegan-protein-choco-250,비건 프로틴 (초코맛),https://www.coupang.com/vp/products/9212396109?itemId=27567890612&vendorItemId=94531809805&q=%EC%96%BC%ED%8B%B0%EB%B8%8C+%EB%B9%84%EA%B1%B4+%ED%94%84%EB%A1%9C%ED%8B%B4+%28%EC%B4%88%EC%BD%94%EB%A7%9B%29&searchId=98cea1dc4741987&sourceType=search&itemsCount=36&searchRank=1&rank=1&traceId=mmyajz9k,https://search.shopping.naver.com/search/all?query=%EC%96%BC%ED%8B%B0%EB%B8%8C%20%EB%B9%84%EA%B1%B4%20%ED%94%84%EB%A1%9C%ED%8B%B4%20(%EC%B4%88%EC%BD%94%EB%A7%9B)&prevQuery=%EC%84%B8%EB%B8%8C%EB%9E%80%EC%8A%A4%20A2%20%ED%94%84%EB%A1%9C%ED%8B%B4%20(%EC%B4%88%EC%BD%9C%EB%A6%BF)&vertical=search,https://www.cjthemarket.com/pc/search?beforeAction=%2Fpc%2Fsearch%3Fwid1%3Dgnb_search&sort=RANK&collection=ALL&range=A&searchAction=D&query=%EC%96%BC%ED%8B%B0%EB%B8%8C
20,ultive-vegan-protein-banana-250,비건 프로틴 (바나나맛),https://www.coupang.com/vp/products/9224017158?itemId=27466965068&vendorItemId=94531809768&q=%EC%96%BC%ED%8B%B0%EB%B8%8C+%EB%B9%84%EA%B1%B4+%ED%94%84%EB%A1%9C%ED%8B%B4+%28%EB%B0%94%EB%82%98%EB%82%98%EB%A7%9B%29&searchId=f2f52d668505938&sourceType=search&itemsCount=36&searchRank=0&rank=0&traceId=mmyakm2i,https://search.shopping.naver.com/search/all?query=%EC%96%BC%ED%8B%B0%EB%B8%8C%20%EB%B9%84%EA%B1%B4%20%ED%94%84%EB%A1%9C%ED%8B%B4%20(%EB%B0%94%EB%82%98%EB%82%98%EB%A7%9B)&prevQuery=%EC%96%BC%ED%8B%B0%EB%B8%8C%20%EB%B9%84%EA%B1%B4%20%ED%94%84%EB%A1%9C%ED%8B%B4%20(%EC%B4%88%EC%BD%94%EB%A7%9B)&vertical=search,https://www.cjthemarket.com/pc/search?beforeAction=%2Fpc%2Fsearch%3Fwid1%3Dgnb_search&sort=RANK&collection=ALL&range=A&searchAction=D&query=%EC%96%BC%ED%8B%B0%EB%B8%8C
19,ultive-protein-royalmilktea-250,프로틴 (로얄밀크티향),https://www.coupang.com/vp/products/9033900311?itemId=26500309570&vendorItemId=93475066052&pickType=COU_PICK&q=%EC%96%BC%ED%8B%B0%EB%B8%8C+%ED%94%84%EB%A1%9C%ED%8B%B4+%28%EB%A1%9C%EC%96%84%EB%B0%80%ED%81%AC%ED%8B%B0%ED%96%A5%29&searchId=fc9bd4b46898020&sourceType=search&itemsCount=36&searchRank=0&rank=0&traceId=mmyammp8,https://search.shopping.naver.com/search/all?query=%EC%96%BC%ED%8B%B0%EB%B8%8C%ED%94%84%EB%A1%9C%ED%8B%B4%20(%EB%A1%9C%EC%96%84%EB%B0%80%ED%81%AC%ED%8B%B0%ED%96%A5)&prevQuery=%EC%96%BC%ED%8B%B0%EB%B8%8C%20%ED%94%84%EB%A1%9C%ED%8B%B4%20(%EB%A1%9C%EC%97%B4%EB%B0%80%ED%81%AC%ED%8B%B0%ED%96%A5)&vertical=search,https://www.cjthemarket.com/pc/search?beforeAction=%2Fpc%2Fsearch%3Fwid1%3Dgnb_search&sort=RANK&collection=ALL&range=A&searchAction=D&query=%EC%96%BC%ED%8B%B0%EB%B8%8C
17,ultive-protein-rice-250,프로틴 (햇반),https://www.coupang.com/vp/products/7991437936?itemId=22393032584&vendorItemId=91176568518&pickType=COU_PICK&q=%EC%96%BC%ED%8B%B0%EB%B8%8C+%ED%94%84%EB%A1%9C%ED%8B%B4+%28%ED%96%87%EB%B0%98%29&searchId=94fd22017590122&sourceType=search&itemsCount=36&searchRank=0&rank=0&traceId=mmyan28i,https://search.shopping.naver.com/search/all?query=%EC%96%BC%ED%8B%B0%EB%B8%8C%ED%94%84%EB%A1%9C%ED%8B%B4%20(%ED%96%87%EB%B0%98)&prevQuery=%EC%96%BC%ED%8B%B0%EB%B8%8C%ED%94%84%EB%A1%9C%ED%8B%B4%20(%EB%A1%9C%EC%96%84%EB%B0%80%ED%81%AC%ED%8B%B0%ED%96%A5)&vertical=search,https://www.cjthemarket.com/pc/search?beforeAction=%2Fpc%2Fsearch%3Fwid1%3Dgnb_search&sort=RANK&collection=ALL&range=A&searchAction=D&query=%EC%96%BC%ED%8B%B0%EB%B8%8C
18,ultive-protein-pistachio-250,프로틴 (피스타치오맛),https://www.coupang.com/vp/products/9033900314?itemId=26500309574&vendorItemId=93475066059&pickType=COU_PICK&q=%EC%96%BC%ED%8B%B0%EB%B8%8C+%ED%94%84%EB%A1%9C%ED%8B%B4+%28%ED%94%BC%EC%8A%A4%ED%83%80%EC%B9%98%EC%98%A4%29&searchId=41ebc6e07488036&sourceType=search&itemsCount=36&searchRank=0&rank=0&traceId=mmyao5nw,https://search.shopping.naver.com/search/all?query=%EC%96%BC%ED%8B%B0%EB%B8%8C%ED%94%84%EB%A1%9C%ED%8B%B4%20(%ED%94%BC%EC%8A%A4%ED%83%80%EC%B9%98%EC%98%A4)&prevQuery=%EC%96%BC%ED%8B%B0%EB%B8%8C%ED%94%84%EB%A1%9C%ED%8B%B4%20(%ED%96%87%EB%B0%98)&vertical=search,https://www.cjthemarket.com/pc/search?beforeAction=%2Fpc%2Fsearch%3Fwid1%3Dgnb_search&sort=RANK&collection=ALL&range=A&searchAction=D&query=%EC%96%BC%ED%8B%B0%EB%B8%8C
16,ultive-protein-chestnut-250,프로틴 (맛밤),https://www.coupang.com/vp/products/8005946804?itemId=24153496784&vendorItemId=91172179538&q=얼티브%20프로틴%20(맛밤)&searchId=39706cdb6779340&sourceType=search&itemsCount=36&searchRank=0&rank=0&traceId=mmyaotxk,https://search.shopping.naver.com/search/all?query=%EC%96%BC%ED%8B%B0%EB%B8%8C%20%EB%B0%A4%EB%A7%9B&prevQuery=%EC%96%BC%ED%8B%B0%EB%B8%8C%20%ED%94%84%EB%A1%9C%ED%8B%B4%20(%EB%A7%9B%EB%B0%A4)&vertical=search,https://www.cjthemarket.com/pc/search?beforeAction=%2Fpc%2Fsearch%3Fwid1%3Dgnb_search&sort=RANK&collection=ALL&range=A&searchAction=D&query=%EC%96%BC%ED%8B%B0%EB%B8%8C
32,takefit-pro-shinemuscato-500,테이크핏 프로 (샤인머스캣맛),https://www.coupang.com/vp/products/9165090846?itemId=27002826047&searchId=b8268dcc77be4a51a29f1f5ec8d60d1b&sourceType=brandstore_sdp_atf_topbadge-products&storeId=31837&subSourceType=brandstore_sdp_atf_topbadge-products&vendorId=A00106645&vendorItemId=93971532860,https://search.shopping.naver.com/search/all?query=%ED%85%8C%EC%9D%B4%ED%81%AC%ED%95%8F%20%ED%94%84%EB%A1%9C%20(%EC%83%A4%EC%9D%B8%EB%A8%B8%EC%8A%A4%EC%BA%A3%EB%A7%9B)&prevQuery=%EC%96%BC%ED%8B%B0%EB%B8%8C%20%EB%B0%A4%EB%A7%9B&vertical=search,https://brand.naver.com/namyang/category/86594242565a4d4d8375f43f388b275d?cp=1
30,takefit-pro-lemon-500,테이크핏 프로 (레몬맛),https://www.coupang.com/vp/products/7944540380?itemId=21899663615&searchId=b8268dcc77be4a51a29f1f5ec8d60d1b&sourceType=brandstore_sdp_atf_topbadge-products&storeId=31837&subSourceType=brandstore_sdp_atf_topbadge-products&vendorId=A00106645&vendorItemId=88947700596,https://search.shopping.naver.com/search/all?query=%ED%85%8C%EC%9D%B4%ED%81%AC%ED%95%8F%20%ED%94%84%EB%A1%9C%20(%EB%A0%88%EB%AA%AC%EB%A7%9B)&prevQuery=%ED%85%8C%EC%9D%B4%ED%81%AC%ED%95%8F%20%ED%94%84%EB%A1%9C%20(%EC%83%A4%EC%9D%B8%EB%A8%B8%EC%8A%A4%EC%BA%A3%EB%A7%9B)&vertical=search,https://brand.naver.com/namyang/category/86594242565a4d4d8375f43f388b275d?cp=1
31,takefit-pro-flatpeach-500,테이크핏 프로 (납작복숭아맛),https://www.coupang.com/vp/products/7944540385?itemId=21899663655&searchId=b8268dcc77be4a51a29f1f5ec8d60d1b&sourceType=brandstore_sdp_atf_topbadge-products&storeId=31837&subSourceType=brandstore_sdp_atf_topbadge-products&vendorId=A00106645&vendorItemId=88947700642,https://search.shopping.naver.com/search/all?query=%ED%85%8C%EC%9D%B4%ED%81%AC%ED%95%8F%20%ED%94%84%EB%A1%9C%20(%EB%82%A9%EC%9E%91%EB%B3%B5%EC%88%AD%EC%95%84%EB%A7%9B)&prevQuery=%ED%85%8C%EC%9D%B4%ED%81%AC%ED%95%8F%20%ED%94%84%EB%A1%9C%20(%EB%A0%88%EB%AA%AC%EB%A7%9B)&vertical=search,https://brand.naver.com/namyang/category/86594242565a4d4d8375f43f388b275d?cp=1
55,takefit-monster-goso-350,테이크핏 몬스터 (고소한맛),https://www.coupang.com/vp/products/9003329491?itemId=26383911154&vendorItemId=93360364361,https://search.shopping.naver.com/search/all?query=%ED%85%8C%EC%9D%B4%ED%81%AC%ED%95%8F%20%EB%AA%AC%EC%8A%A4%ED%84%B0%20(%EA%B3%A0%EC%86%8C%ED%95%9C%EB%A7%9B)&prevQuery=%ED%85%8C%EC%9D%B4%ED%81%AC%ED%95%8F%20%ED%94%84%EB%A1%9C%20(%EB%82%A9%EC%9E%91%EB%B3%B5%EC%88%AD%EC%95%84%EB%A7%9B)&vertical=search,https://brand.naver.com/namyang/category/86594242565a4d4d8375f43f388b275d?cp=1
56,takefit-monster-chocobanana-350,테이크핏 몬스터 (초코바나나),https://www.coupang.com/vp/products/8764469276?itemId=25416883391&vendorItemId=92410159842,https://search.shopping.naver.com/search/all?query=%ED%85%8C%EC%9D%B4%ED%81%AC%ED%95%8F%20%EB%AA%AC%EC%8A%A4%ED%84%B0%20(%EC%B4%88%EC%BD%94%EB%B0%94%EB%82%98%EB%82%98)&prevQuery=%ED%85%8C%EC%9D%B4%ED%81%AC%ED%95%8F%20%EB%AA%AC%EC%8A%A4%ED%84%B0%20(%EA%B3%A0%EC%86%8C%ED%95%9C%EB%A7%9B)&vertical=search,https://brand.naver.com/namyang/category/86594242565a4d4d8375f43f388b275d?cp=1
45,takefit-max-pumpkin-250,테이크핏 맥스 (호박고구마),https://www.coupang.com/vp/products/7923592222?itemId=21276726646&searchId=c0802873ca2d49f094ea30966cd30eb1&sourceType=brandstore_sdp_atf_topbadge-products&storeId=31837&subSourceType=brandstore_sdp_atf_topbadge-products&vendorId=A00106645&vendorItemId=87709080797,https://search.shopping.naver.com/search/all?query=%ED%85%8C%EC%9D%B4%ED%81%AC%ED%95%8F%20%EB%A7%A5%EC%8A%A4%20(%ED%98%B8%EB%B0%95%EA%B3%A0%EA%B5%AC%EB%A7%88)&prevQuery=%ED%85%8C%EC%9D%B4%ED%81%AC%ED%95%8F%20%EB%AA%AC%EC%8A%A4%ED%84%B0%20(%EC%B4%88%EC%BD%94%EB%B0%94%EB%82%98%EB%82%98)&vertical=search,https://brand.naver.com/namyang/category/86594242565a4d4d8375f43f388b275d?cp=1
42,takefit-max-goso-250,테이크핏 맥스 (고소한맛),https://www.coupang.com/vp/products/7923583836?itemId=25080198402&searchId=c0802873ca2d49f094ea30966cd30eb1&sourceType=brandstore_sdp_atf_topbadge-products&storeId=31837&subSourceType=brandstore_sdp_atf_topbadge-products&vendorId=A00106645&vendorItemId=82624006468,https://search.shopping.naver.com/search/all?query=%ED%85%8C%EC%9D%B4%ED%81%AC%ED%95%8F%20%EB%A7%A5%EC%8A%A4%20(%EA%B3%A0%EC%86%8C%ED%95%9C%EB%A7%9B)&prevQuery=%ED%85%8C%EC%9D%B4%ED%81%AC%ED%95%8F%20%EB%A7%A5%EC%8A%A4%20(%ED%98%B8%EB%B0%95%EA%B3%A0%EA%B5%AC%EB%A7%88)&vertical=search,https://brand.naver.com/namyang/category/86594242565a4d4d8375f43f388b275d?cp=1
43,takefit-max-choco-250,테이크핏 맥스 (초코맛),https://www.coupang.com/vp/products/7923580560?itemId=21776094920&searchId=c0802873ca2d49f094ea30966cd30eb1&sourceType=brandstore_sdp_atf_topbadge-products&storeId=31837&subSourceType=brandstore_sdp_atf_topbadge-products&vendorId=A00106645&vendorItemId=82624430136,https://search.shopping.naver.com/search/all?query=%ED%85%8C%EC%9D%B4%ED%81%AC%ED%95%8F%20%EB%A7%A5%EC%8A%A4%20(%EC%B4%88%EC%BD%94%EB%A7%9B)&prevQuery=%ED%85%8C%EC%9D%B4%ED%81%AC%ED%95%8F%20%EB%A7%A5%EC%8A%A4%20(%EA%B3%A0%EC%86%8C%ED%95%9C%EB%A7%9B)&vertical=search,https://brand.naver.com/namyang/category/86594242565a4d4d8375f43f388b275d?cp=1
44,takefit-max-banana-250,테이크핏 맥스 (바나나),https://www.coupang.com/vp/products/8634047587?itemId=25050487110&searchId=c0802873ca2d49f094ea30966cd30eb1&sourceType=brandstore_sdp_atf_topbadge-products&storeId=31837&subSourceType=brandstore_sdp_atf_topbadge-products&vendorId=A00106645&vendorItemId=85486984906,https://search.shopping.naver.com/search/all?query=%ED%85%8C%EC%9D%B4%ED%81%AC%ED%95%8F%20%EB%A7%A5%EC%8A%A4%20(%EB%B0%94%EB%82%98%EB%82%98)&prevQuery=%ED%85%8C%EC%9D%B4%ED%81%AC%ED%95%8F%20%EB%A7%A5%EC%8A%A4%20(%EC%B4%88%EC%BD%94%EB%A7%9B)&vertical=search,https://brand.naver.com/namyang/category/86594242565a4d4d8375f43f388b275d?cp=1
65,solveandgo-protamin-savory-250,프로타민 (고소한맛),https://www.coupang.com/vp/products/8733135748?itemId=25581362102&searchId=d7cf62a0a9794d8a82623a53e8689c0a&sourceType=brandstore_sdp_atf_topbadge-carousel&storeId=192848&subSourceType=brandstore_sdp_atf_topbadge-carousel&vendorId=A00012012&vendorItemId=92572321197,https://search.shopping.naver.com/search/all?query=%EC%86%94%EB%B8%8C%EC%95%A4%EA%B3%A0%20%ED%94%84%EB%A1%9C%ED%83%80%EB%AF%BC%20(%EA%B3%A0%EC%86%8C%ED%95%9C%EB%A7%9B)&prevQuery=%ED%94%84%EB%A1%9C%ED%83%80%EB%AF%BC%20(%EA%B3%A0%EC%86%8C%ED%95%9C%EB%A7%9B)&vertical=search,https://brand.naver.com/woongjinfood/category/09ec7d4b0a5f4949b4b094b6fa0c368b?cp=2
72,solveandgo-protamin-choco-250,프로타민 (초코맛),https://www.coupang.com/vp/products/8734625182?itemId=25581362226&searchId=d7cf62a0a9794d8a82623a53e8689c0a&sourceType=brandstore_sdp_atf_topbadge-carousel&storeId=192848&subSourceType=brandstore_sdp_atf_topbadge-carousel&vendorId=A00012012&vendorItemId=92572321255,https://search.shopping.naver.com/search/all?query=%EC%86%94%EB%B8%8C%EC%95%A4%EA%B3%A0%20%ED%94%84%EB%A1%9C%ED%83%80%EB%AF%BC%20(%EC%B4%88%EC%BD%94%EB%A7%9B)&prevQuery=%EC%86%94%EB%B8%8C%EC%95%A4%EA%B3%A0%20%ED%94%84%EB%A1%9C%ED%83%80%EB%AF%BC%20(%EA%B3%A0%EC%86%8C%ED%95%9C%EB%A7%9B)&vertical=search,https://brand.naver.com/woongjinfood/category/09ec7d4b0a5f4949b4b094b6fa0c368b?cp=2
71,seoulmilk-protein-energy-coffee-240,프로틴 에너지 (커피),,https://search.shopping.naver.com/search/all?query=%EC%84%9C%EC%9A%B8%EC%9A%B0%EC%9C%A0%20%ED%94%84%EB%A1%9C%ED%8B%B4%20%EC%97%90%EB%84%88%EC%A7%80%20(%EC%BB%A4%ED%94%BC)&prevQuery=%ED%94%84%EB%A1%9C%ED%8B%B4%20%EC%97%90%EB%84%88%EC%A7%80%20(%EC%BB%A4%ED%94%BC)&vertical=search,https://brand.naver.com/seoulmilk/category/e086f24d6e724ea88028fd47264c1936?cp=1
79,seoulmilk-protein-energy-choco-240,프로틴 에너지 (초콜릿),https://www.coupang.com/vp/products/8590463503?itemId=24291974561&vendorItemId=91307098730,https://search.shopping.naver.com/search/all?query=%EC%84%9C%EC%9A%B8%EC%9A%B0%EC%9C%A0%20%ED%94%84%EB%A1%9C%ED%8B%B4%20%EC%97%90%EB%84%88%EC%A7%80%20(%EC%B4%88%EC%BD%94)&prevQuery=%EC%84%9C%EC%9A%B8%EC%9A%B0%EC%9C%A0%20%ED%94%84%EB%A1%9C%ED%8B%B4%20%EC%97%90%EB%84%88%EC%A7%80%20(%EC%BB%A4%ED%94%BC)&vertical=search,https://brand.naver.com/seoulmilk/category/e086f24d6e724ea88028fd47264c1936?cp=1
98,sellex-protein-original-190,프로틴 (오리지널),https://www.coupang.com/vp/products/9334640009?itemId=19428960882&searchId=d01c4db5db21418b8893087c44b71916&sourceType=brandstore_sdp_atf_topbadge-best_products&storeId=1235&subSourceType=brandstore_sdp_atf_topbadge-best_products&vendorId=A00575434&vendorItemId=82914630148,https://search.shopping.naver.com/search/all?query=%EC%85%80%EB%A0%89%EC%8A%A4%20%ED%94%84%EB%A1%9C%ED%8B%B4%20(%EC%98%A4%EB%A6%AC%EC%A7%80%EB%84%90)&prevQuery=%EC%84%9C%EC%9A%B8%EC%9A%B0%EC%9C%A0%20%ED%94%84%EB%A1%9C%ED%8B%B4%20%EC%97%90%EB%84%88%EC%A7%80%20(%EC%B4%88%EC%BD%94)&vertical=search,https://brand.naver.com/selex/category/85709825a6ff41b7bfdb4b6dbd205dd0?cp=1
61,sellex-protein-lowsugar-190,프로틴 (로우슈거),https://www.coupang.com/vp/products/7839893765?itemId=21339632780&searchId=eb82f2ffc7cf4fa5a34b809fd0cb372f&sourceType=brandstore_sdp_atf_topbadge-all_products&storeId=1235&subSourceType=brandstore_sdp_atf_topbadge-all_products&vendorId=A00575434&vendorItemId=84288230465,https://search.shopping.naver.com/search/all?query=%EC%85%80%EB%A0%89%EC%8A%A4%20%ED%94%84%EB%A1%9C%ED%8B%B4%20(%EB%A1%9C%EC%9A%B0%EC%8A%88%EA%B1%B0)&prevQuery=%EC%85%80%EB%A0%89%EC%8A%A4%20%ED%94%84%EB%A1%9C%ED%8B%B4%20(%EC%98%A4%EB%A6%AC%EC%A7%80%EB%84%90)&vertical=search,https://brand.naver.com/selex/category/85709825a6ff41b7bfdb4b6dbd205dd0?cp=1
60,sellex-protein-lactosefree-original-190,프로틴 락토프리 (오리지널),https://www.coupang.com/vp/products/8725170517?itemId=25384290090&searchId=eb82f2ffc7cf4fa5a34b809fd0cb372f&sourceType=brandstore_sdp_atf_topbadge-all_products&storeId=1235&subSourceType=brandstore_sdp_atf_topbadge-all_products&vendorId=A00575434&vendorItemId=92940432253,https://search.shopping.naver.com/search/all?query=%EC%85%80%EB%A0%89%EC%8A%A4%20%ED%94%84%EB%A1%9C%ED%8B%B4%20%EB%9D%BD%ED%86%A0%ED%94%84%EB%A6%AC%20%EC%98%A4%EB%A6%AC%EC%A7%80%EB%84%90&prevQuery=%EC%85%80%EB%A0%89%EC%8A%A4%20%ED%94%84%EB%A1%9C%ED%8B%B4%20%EB%9D%BD%ED%86%A0%ED%94%84%EB%A6%AC&vertical=search,https://brand.naver.com/selex/category/85709825a6ff41b7bfdb4b6dbd205dd0?cp=1
25,sellex-profit-whey-protein-americano-330,프로틴 웨이프로핏 (아메리카노),,https://search.shopping.naver.com/search/all?query=%EB%A7%A4%EC%9D%BC%EC%9C%A0%EC%97%85%20%EC%85%80%EB%A0%89%EC%8A%A4%20%ED%94%84%EB%A1%9C%ED%95%8F%20%EC%9B%A8%EC%9D%B4%ED%94%84%EB%A1%9C%ED%8B%B4%20%EC%95%84%EB%A9%94%EB%A6%AC%EC%B9%B4%EB%85%B8%20%EB%93%9C%EB%A7%81%ED%81%AC%2C%20330ml%2C%2012%EA%B0%9C&prevQuery=%EC%85%80%EB%A0%89%EC%8A%A4%20%EC%9B%A8%EC%9D%B4%ED%94%84%EB%A1%9C%ED%95%8F%20%EB%93%9C%EB%A7%81%ED%81%AC%20%EC%95%84%EB%A9%94%EB%A6%AC%EC%B9%B4%EB%85%B8&vertical=search,https://brand.naver.com/selex/category/85709825a6ff41b7bfdb4b6dbd205dd0?cp=1
26,sellex-profit-strawberry-choco-250,프로핏 (딸기초코),,https://search.shopping.naver.com/search/all?query=%EC%85%80%EB%A0%89%EC%8A%A4%20%ED%94%84%EB%A1%9C%ED%95%8F%20(%EB%94%B8%EA%B8%B0%EC%B4%88%EC%BD%94)&prevQuery=%EB%A7%A4%EC%9D%BC%EC%9C%A0%EC%97%85%20%EC%85%80%EB%A0%89%EC%8A%A4%20%ED%94%84%EB%A1%9C%ED%95%8F%20%EC%9B%A8%EC%9D%B4%ED%94%84%EB%A1%9C%ED%8B%B4%20%EC%95%84%EB%A9%94%EB%A6%AC%EC%B9%B4%EB%85%B8%20%EB%93%9C%EB%A7%81%ED%81%AC%2C%20330ml%2C%2012%EA%B0%9C&vertical=search,https://brand.naver.com/selex/category/85709825a6ff41b7bfdb4b6dbd205dd0?cp=1
7,sellex-profit-mocha-chocolate-250,프로핏 (모카 초콜릿),https://www.coupang.com/vp/products/7553257510?itemId=19883077375&searchId=786877fd77d1411392ae76a2abd7a027&sourceType=brandstore_sdp_atf_topbadge-products&storeId=1235&subSourceType=brandstore_sdp_atf_topbadge-products&vendorId=A00575434&vendorItemId=86983543096,https://search.shopping.naver.com/search/all?query=%EB%A7%A4%EC%9D%BC%EC%9C%A0%EC%97%85%20%EC%85%80%EB%A0%89%EC%8A%A4%20%ED%94%84%EB%A1%9C%ED%95%8F%20(%EB%AA%A8%EC%B9%B4%20%EC%B4%88%EC%BD%9C%EB%A6%BF)&prevQuery=%EB%A7%A4%EC%9D%BC%EC%9C%A0%EC%97%85%20%EC%85%80%EB%A0%89%EC%8A%A4%20%ED%94%84%EB%A1%9C%ED%95%8F%20%EC%9B%A8%EC%9D%B4%ED%94%84%EB%A1%9C%ED%8B%B4%20%EB%B3%B5%EC%88%AD%EC%95%84%20%EC%95%84%EC%9D%B4%EC%8A%A4%ED%8B%B0&vertical=search,https://brand.naver.com/selex/category/85709825a6ff41b7bfdb4b6dbd205dd0?cp=1
6,sellex-profit-milk-vanilla-250,프로핏 (밀크 바닐라),https://www.coupang.com/vp/products/8415619462?itemId=25281895756&searchId=786877fd77d1411392ae76a2abd7a027&sourceType=brandstore_sdp_atf_topbadge-products&storeId=1235&subSourceType=brandstore_sdp_atf_topbadge-products&vendorId=A00575434&vendorItemId=86983543109,https://search.shopping.naver.com/search/all?query=%EB%A7%A4%EC%9D%BC%EC%9C%A0%EC%97%85%20%EC%85%80%EB%A0%89%EC%8A%A4%20%ED%94%84%EB%A1%9C%ED%95%8F%20(%EB%B0%80%ED%81%AC%20%EB%B0%94%EB%8B%90%EB%9D%BC)&prevQuery=%EB%A7%A4%EC%9D%BC%EC%9C%A0%EC%97%85%20%EC%85%80%EB%A0%89%EC%8A%A4%20%ED%94%84%EB%A1%9C%ED%95%8F%20(%EB%AA%A8%EC%B9%B4%20%EC%B4%88%EC%BD%9C%EB%A6%BF)&vertical=search,https://brand.naver.com/selex/category/85709825a6ff41b7bfdb4b6dbd205dd0?cp=1
8,sellex-profit-banana-250,프로핏 (바나나),https://www.coupang.com/vp/products/8397547499?itemId=27535194707&vendorItemId=94499748277&q=%EC%85%80%EB%A0%89%EC%8A%A4+%ED%94%84%EB%A1%9C%ED%95%8F+%28%EB%B0%94%EB%82%98%EB%82%98%29&searchId=7f2d1d6d7659167&sourceType=search&itemsCount=36&searchRank=0&rank=0&traceId=mmyb2k0y,https://search.shopping.naver.com/search/all?query=%EC%85%80%EB%A0%89%EC%8A%A4%20%ED%94%84%EB%A1%9C%ED%95%8F%20%EB%B0%94%EB%82%98%EB%82%98%20%EC%A0%9C%EB%A1%9C%EC%8A%88%EA%B0%80%20%EB%8B%A8%EB%B0%B1%EC%A7%88%EC%9D%8C%EB%A3%8C&prevQuery=%EC%85%80%EB%A0%89%EC%8A%A4%20%ED%94%84%EB%A1%9C%ED%95%8F%20%EB%B0%94%EB%82%98%EB%82%98%20%EC%A0%9C%EB%A1%9C%EC%8A%88%EA%B0%80%20%EB%8B%A8%EB%B0%B1%EC%A7%88%EC%9D%8C%EB%A3%8C%20250ml%20x%209%EA%B0%9C&vertical=search,https://brand.naver.com/selex/category/85709825a6ff41b7bfdb4b6dbd205dd0?cp=1
64,pasteur-easyprotein-lowsugar-choco-250,이지프로틴 저당 (초콜릿),https://www.coupang.com/vp/products/7744533886?itemId=23304676714&vendorItemId=90336707317&q=%EC%9D%B4%EC%A7%80%ED%94%84%EB%A1%9C%ED%8B%B4+%EC%A0%80%EB%8B%B9+%28%EC%B4%88%EC%BD%9C%EB%A6%BF%29&searchId=473c0d744671127&sourceType=search&itemsCount=36&searchRank=0&rank=0&traceId=mmyb57po,https://search.shopping.naver.com/search/all?query=%EB%A1%AF%EB%8D%B0%EC%9B%B0%ED%91%B8%EB%93%9C%20%EC%9D%B4%EC%A7%80%ED%94%84%EB%A1%9C%ED%8B%B4%20%EC%A0%80%EB%8B%B9%EC%B4%88%EC%BD%94%20%EB%93%9C%EB%A7%81%ED%81%AC%EB%AF%B9%EC%8A%A4%20RTD%20250ml%2024%EA%B0%9C&prevQuery=%EB%A1%AF%EB%8D%B0%EC%9B%B0%ED%91%B8%EB%93%9C%20%EC%9D%B4%EC%A7%80%ED%94%84%EB%A1%9C%ED%8B%B4%20%EC%A0%80%EB%8B%B9%20(%EC%B4%88%EC%BD%9C%EB%A6%BF)&vertical=search,
96,pasteur-easyprotein-cereal-250,이지프로틴 (시리얼),,https://search.shopping.naver.com/search/all?query=%ED%8C%8C%EC%8A%A4%ED%87%B4%EB%A5%B4%20%EB%A1%AF%EB%8D%B0%20%ED%8C%8C%EC%8A%A4%ED%87%B4%EB%A5%B4%20%EC%9D%B4%EC%A7%80%ED%94%84%EB%A1%9C%ED%8B%B4%20%EC%8B%9C%EB%A6%AC%EC%96%BC%20%EB%93%9C%EB%A7%81%ED%81%AC&prevQuery=%ED%8C%8C%EC%8A%A4%ED%87%B4%EB%A5%B4%20%EB%A1%AF%EB%8D%B0%20%ED%8C%8C%EC%8A%A4%ED%87%B4%EB%A5%B4%20%EC%9D%B4%EC%A7%80%ED%94%84%EB%A1%9C%ED%8B%B4%20%EC%8B%9C%EB%A6%AC%EC%96%BC%20%EB%93%9C%EB%A7%81%ED%81%AC250ml24%EA%B0%9C&vertical=search,
104,oneuldanbaek-dolce-latte-250,오늘단백 (돌체라떼),,,
103,oneuldanbaek-choco-latte-250,오늘단백 (초코라떼),,,
102,oneuldanbaek-caramel-latte-250,오늘단백 (카라멜라떼),,,
35,oatmont-protein-savory-250,프로틴 (고소한맛),https://www.coupang.com/vp/products/8803306820?itemId=26367320708&vendorItemId=94064662963&q=%EC%98%A4%ED%8A%B8%EB%AA%AC%EB%93%9C+%ED%94%84%EB%A1%9C%ED%8B%B4+%28%EA%B3%A0%EC%86%8C%ED%95%9C%EB%A7%9B%29&searchId=70b54b724102939&sourceType=search&itemsCount=36&searchRank=0&rank=0&traceId=mmyb7b7w,https://search.shopping.naver.com/search/all?query=%EC%98%A4%ED%8A%B8%EB%AA%AC%EB%93%9C%20%ED%94%84%EB%A1%9C%ED%8B%B4%20(%EA%B3%A0%EC%86%8C%ED%95%9C%EB%A7%9B)&prevQuery=%ED%8C%8C%EC%8A%A4%ED%87%B4%EB%A5%B4%20%EB%A1%AF%EB%8D%B0%20%ED%8C%8C%EC%8A%A4%ED%87%B4%EB%A5%B4%20%EC%9D%B4%EC%A7%80%ED%94%84%EB%A1%9C%ED%8B%B4%20%EC%8B%9C%EB%A6%AC%EC%96%BC%20%EB%93%9C%EB%A7%81%ED%81%AC&vertical=search,https://brand.naver.com/lottechilsung/category/0303e981ebc84de2a312d1267edae2b5
37,oatmont-protein-cookiecream-250,프로틴 (쿠키앤크림),https://www.coupang.com/vp/products/8803299277?itemId=25636136133&vendorItemId=93159471879&pickType=COU_PICK&q=%EC%98%A4%ED%8A%B8%EB%AA%AC%EB%93%9C+%ED%94%84%EB%A1%9C%ED%8B%B4+%28%EC%BF%A0%ED%82%A4%EC%95%A4%ED%81%AC%EB%A6%BC%29&searchId=5aa9b4e76272343&sourceType=search&itemsCount=36&searchRank=0&rank=0&traceId=mmyb7ynw,https://search.shopping.naver.com/search/all?query=%EC%98%A4%ED%8A%B8%EB%AA%AC%EB%93%9C%20%ED%94%84%EB%A1%9C%ED%8B%B4%20(%EC%BF%A0%ED%82%A4%EC%95%A4%ED%81%AC%EB%A6%BC)&prevQuery=%EC%98%A4%ED%8A%B8%EB%AA%AC%EB%93%9C%20%ED%94%84%EB%A1%9C%ED%8B%B4%20(%EA%B3%A0%EC%86%8C%ED%95%9C%EB%A7%9B)&vertical=search,https://brand.naver.com/lottechilsung/category/0303e981ebc84de2a312d1267edae2b5
36,oatmont-protein-choco-250,프로틴 (초콜릿),https://www.coupang.com/vp/products/8822328328?itemId=26179944928&vendorItemId=93159529424&pickType=COU_PICK&q=%EC%98%A4%ED%8A%B8%EB%AA%AC%EB%93%9C+%ED%94%84%EB%A1%9C%ED%8B%B4+%28%EC%B4%88%EC%BD%9C%EB%A6%BF%29&searchId=2bea22e68212787&sourceType=search&itemsCount=36&searchRank=0&rank=0&traceId=mmyb8ah0,https://search.shopping.naver.com/search/all?query=%EC%98%A4%ED%8A%B8%EB%AA%AC%EB%93%9C%20%ED%94%84%EB%A1%9C%ED%8B%B4%2021g%20%EC%B4%88%EC%BD%94%EB%A7%9B%20250ml%2018%ED%8C%A9&prevQuery=%EC%98%A4%ED%8A%B8%EB%AA%AC%EB%93%9C%20%ED%94%84%EB%A1%9C%ED%8B%B4%20%EC%B4%88%EC%BD%94%2C%20250ml%2C%201%EA%B0%9C&vertical=search,https://brand.naver.com/lottechilsung/category/0303e981ebc84de2a312d1267edae2b5
33,newcare-olprotein-water-lemon-350,올프로틴 워터 (레몬),https://www.coupang.com/vp/products/8888082152?itemId=26687416262&searchId=62edbe7d2b4548b395c751a4e74230a4&sourceType=brandstore_sdp_atf_topbadge-carousel&storeId=843&subSourceType=brandstore_sdp_atf_topbadge-carousel&vendorId=A00176728&vendorItemId=93659473043,https://search.shopping.naver.com/search/all?query=%EC%98%AC%ED%94%84%EB%A1%9C%ED%8B%B4%20%EC%9B%8C%ED%84%B0%20(%EB%A0%88%EB%AA%AC)&prevQuery=%EC%98%A4%ED%8A%B8%EB%AA%AC%EB%93%9C%20%ED%94%84%EB%A1%9C%ED%8B%B4%2021g%20%EC%B4%88%EC%BD%94%EB%A7%9B%20250ml%2018%ED%8C%A9&vertical=search,https://www.wellife.co.kr/categories/index/101003000000
34,newcare-olprotein-water-apple-350,올프로틴 워터 (사과),https://www.coupang.com/vp/products/8888082215?itemId=26554259073&searchId=62edbe7d2b4548b395c751a4e74230a4&sourceType=brandstore_sdp_atf_topbadge-carousel&storeId=843&subSourceType=brandstore_sdp_atf_topbadge-carousel&vendorId=A00176728&vendorItemId=93659473038,https://search.shopping.naver.com/search/all?query=%EC%98%AC%ED%94%84%EB%A1%9C%ED%8B%B4%20%EC%9B%8C%ED%84%B0%20(%EC%82%AC%EA%B3%BC)&prevQuery=%EC%98%AC%ED%94%84%EB%A1%9C%ED%8B%B4%20%EC%9B%8C%ED%84%B0%20(%EB%A0%88%EB%AA%AC)&vertical=search,https://www.wellife.co.kr/categories/index/101003000000
3,newcare-all-protein-savory-245,올프로틴 (고소한맛),https://www.coupang.com/vp/products/8391180879?itemId=24963749598&searchId=16aa1b389af34a27b66719ea35c7ed8e&sourceType=brandstore_sdp_atf_topbadge-carousel&storeId=843&subSourceType=brandstore_sdp_atf_topbadge-carousel&vendorId=A00176728&vendorItemId=91994723799,https://search.shopping.naver.com/search/all?query=%EC%98%AC%ED%94%84%EB%A1%9C%ED%8B%B4%2025g%20%EA%B3%A0%EC%86%8C%ED%95%9C%EB%A7%9B&prevQuery=%EC%98%AC%ED%94%84%EB%A1%9C%ED%8B%B4%20%EC%9B%8C%ED%84%B0%20(%EC%82%AC%EA%B3%BC)&vertical=search,https://www.wellife.co.kr/categories/index/101003000000
4,newcare-all-protein-plant-savory-250,올프로틴 식물성단백질 (고소한맛),https://www.coupang.com/vp/products/9413959502?itemId=27972525769&searchId=62edbe7d2b4548b395c751a4e74230a4&sourceType=brandstore_sdp_atf_topbadge-carousel&storeId=843&subSourceType=brandstore_sdp_atf_topbadge-carousel&vendorId=A00176728&vendorItemId=94930425876,https://search.shopping.naver.com/search/all?query=%EB%89%B4%EC%BC%80%EC%96%B4%20%EC%98%AC%ED%94%84%EB%A1%9C%ED%8B%B4%20%EC%8B%9D%EB%AC%BC%EC%84%B1%EB%8B%A8%EB%B0%B1%EC%A7%8820g%20%EA%B3%A0%EC%86%8C%ED%95%9C%EB%A7%9B%20250ml%2024%EC%9E%85%201BOX&prevQuery=%EB%89%B4%EC%BC%80%EC%96%B4%20%EC%98%AC%ED%94%84%EB%A1%9C%ED%8B%B4%20%EC%8B%9D%EB%AC%BC%EC%84%B1%EB%8B%A8%EB%B0%B1%EC%A7%88%20(%EA%B3%A0%EC%86%8C%ED%95%9C%EB%A7%9B)&vertical=search,https://www.wellife.co.kr/categories/index/101003000000
1,newcare-all-protein-choco-245,올프로틴 (초콜릿),https://www.coupang.com/vp/products/8391141735?itemId=24971392807&searchId=16aa1b389af34a27b66719ea35c7ed8e&sourceType=brandstore_sdp_atf_topbadge-carousel&storeId=843&subSourceType=brandstore_sdp_atf_topbadge-carousel&vendorId=A00176728&vendorItemId=91994723764,https://search.shopping.naver.com/search/all?query=%EB%89%B4%EC%BC%80%EC%96%B4%20%EC%98%AC%ED%94%84%EB%A1%9C%ED%8B%B4%20%EC%B4%88%EC%BD%94%EB%A7%9B%20245%20mL%2024%ED%8C%A9%20%EB%8B%A8%EB%B0%B1%EC%A7%88%EC%9D%8C%EB%A3%8C&prevQuery=%5B%EB%8B%A8%EB%B0%B1%EC%A7%88%2025g%5D%20%EB%89%B4%EC%BC%80%EC%96%B4%20%EC%98%AC%ED%94%84%EB%A1%9C%ED%8B%B4%20%EC%B4%88%EC%BD%94%EB%A7%9B%20245%20mL%2024%ED%8C%A9%20%EB%8B%A8%EB%B0%B1%EC%A7%88%EC%9D%8C%EB%A3%8C&vertical=search,https://www.wellife.co.kr/categories/index/101003000000
2,newcare-all-protein-banana-245,올프로틴 (바나나),https://www.coupang.com/vp/products/8391213192?itemId=24256029913&searchId=16aa1b389af34a27b66719ea35c7ed8e&sourceType=brandstore_sdp_atf_topbadge-carousel&storeId=843&subSourceType=brandstore_sdp_atf_topbadge-carousel&vendorId=A00176728&vendorItemId=91994723751,https://search.shopping.naver.com/search/all?query=%EB%89%B4%EC%BC%80%EC%96%B4%20%EC%98%AC%ED%94%84%EB%A1%9C%ED%8B%B4%2025g%20%EB%B0%94%EB%82%98%EB%82%98&prevQuery=%EC%98%AC%ED%94%84%EB%A1%9C%ED%8B%B4%2025g%20%EB%B0%94%EB%82%98%EB%82%98&vertical=search,https://www.wellife.co.kr/categories/index/101003000000
46,newcare-all-protein-41g,올프로틴 41g (초코맛),https://www.coupang.com/vp/products/8869229030?itemId=26181687745&searchId=16aa1b389af34a27b66719ea35c7ed8e&sourceType=brandstore_sdp_atf_topbadge-carousel&storeId=843&subSourceType=brandstore_sdp_atf_topbadge-carousel&vendorId=A00176728&vendorItemId=93475736005,https://search.shopping.naver.com/search/all?query=%EC%98%AC%ED%94%84%EB%A1%9C%ED%8B%B4%2041g%20(%EC%B4%88%EC%BD%94%EB%A7%9B)&prevQuery=%EB%89%B4%EC%BC%80%EC%96%B4%20%EC%98%AC%ED%94%84%EB%A1%9C%ED%8B%B4%20%EC%8B%9D%EB%AC%BC%EC%84%B1%EB%8B%A8%EB%B0%B1%EC%A7%8820g%20%EA%B3%A0%EC%86%8C%ED%95%9C%EB%A7%9B%20250ml%2024%EC%9E%85%201BOX&vertical=search,https://www.wellife.co.kr/categories/index/101003000000
92,mymil-newprotein-original-190,뉴프로틴 (오리지널),https://www.coupang.com/vp/products/7510981160?itemId=19680031614&vendorItemId=86785425845&sourceType=srp_product_ads&clickEventId=c77fdd20-2408-11f1-9c39-be00f8b009f2&korePlacement=15&koreSubPlacement=1&clickEventId=c77fdd20-2408-11f1-9c39-be00f8b009f2&korePlacement=15&koreSubPlacement=1&traceId=mmyb8rig,https://search.shopping.naver.com/search/all?query=%EB%A7%88%EC%9D%B4%EB%B0%80%20%EB%89%B4%ED%94%84%EB%A1%9C%ED%8B%B4%20(%EC%98%A4%EB%A6%AC%EC%A7%80%EB%84%90)&prevQuery=%EC%98%AC%ED%94%84%EB%A1%9C%ED%8B%B4%2041g%20(%EC%B4%88%EC%BD%94%EB%A7%9B)&vertical=search,https://www.wellife.co.kr/categories/index/102000000000
94,mymil-newprotein-goatmilk-190,뉴프로틴 (산양유),https://www.coupang.com/vp/products/8203753690?itemId=19942784461&vendorItemId=87041990713&pickType=COU_PICK&q=%EB%A7%88%EC%9D%B4%EB%B0%80+%EB%89%B4%ED%94%84%EB%A1%9C%ED%8B%B4+%28%EC%82%B0%EC%96%91%EC%9C%A0%29&searchId=c19501cc4704385&sourceType=search&itemsCount=36&searchRank=2&rank=2&traceId=mmyb97ca,https://search.shopping.naver.com/search/all?query=%EB%A7%88%EC%9D%B4%EB%B0%80%20%EB%89%B4%ED%94%84%EB%A1%9C%ED%8B%B4%20(%EC%82%B0%EC%96%91%EC%9C%A0)&prevQuery=%EB%A7%88%EC%9D%B4%EB%B0%80%20%EB%89%B4%ED%94%84%EB%A1%9C%ED%8B%B4%20(%EC%98%A4%EB%A6%AC%EC%A7%80%EB%84%90)&vertical=search,https://www.wellife.co.kr/categories/index/102000000000
93,mymil-newprotein-deepchoco-190,뉴프로틴 (딥초코),https://www.coupang.com/vp/products/7172666535?itemId=20458084207&vendorItemId=85227255723&pickType=COU_PICK&q=%EB%A7%88%EC%9D%B4%EB%B0%80%20%EB%89%B4%ED%94%84%EB%A1%9C%ED%8B%B4%20(%EB%94%A5%EC%B4%88%EC%BD%94)&searchId=b98b627e3824057&sourceType=search&itemsCount=36&searchRank=0&rank=0&traceId=mmyb9inz,https://search.shopping.naver.com/search/all?query=%EB%A7%88%EC%9D%B4%EB%B0%80%20%EB%89%B4%ED%94%84%EB%A1%9C%ED%8B%B4%20(%EB%94%A5%EC%B4%88%EC%BD%94)&prevQuery=%EB%A7%88%EC%9D%B4%EB%B0%80%20%EB%89%B4%ED%94%84%EB%A1%9C%ED%8B%B4%20(%EC%82%B0%EC%96%91%EC%9C%A0)&vertical=search,https://www.wellife.co.kr/categories/index/102000000000
101,mymil-newprotein-banana-190,뉴프로틴 (바나나),https://www.coupang.com/vp/products/7345092004?itemId=18143492367&vendorItemId=85293912587&pickType=COU_PICK&q=%EB%A7%88%EC%9D%B4%EB%B0%80%20%EB%89%B4%ED%94%84%EB%A1%9C%ED%8B%B4%20(%EB%B0%94%EB%82%98%EB%82%98)&searchId=071589224984874&sourceType=search&itemsCount=36&searchRank=0&rank=0&traceId=mmyb9rhk,https://search.shopping.naver.com/search/all?query=%EB%A7%88%EC%9D%B4%EB%B0%,https://www.wellife.co.kr/categories/index/102000000000
14,mymil-furotein-gosohan-250,퓨로틴 (고소한맛),,,
15,mymil-furotein-goguma-250,퓨로틴 (고구마맛),,,
13,mymil-furotein-choco-250,퓨로틴 (초코맛),https://www.coupang.com/vp/products/7485430091?itemId=19747782140&searchId=55e9e90db5c64461aff14d847aed9fbe&sourceType=brandstore_sdp_atf_topbadge-carousel&storeId=843&subSourceType=brandstore_sdp_atf_topbadge-carousel&vendorId=A00176728&vendorItemId=86851343931,https://search.shopping.naver.com/search/all?query=%EB%A7%88%EC%9D%B4%EB%B0%80%20%ED%93%A8%EB%A1%9C%ED%8B%B4%20(%EC%B4%88%EC%BD%94%EB%A7%9B)&prevQuery=%EB%A7%88%EC%9D%B4%EB%B0%80%20%EB%89%B4%ED%94%84%EB%A1%9C%ED%8B%B4%20(%EB%B0%94%EB%82%98%EB%82%98)&vertical=search,https://www.wellife.co.kr/categories/index/102000000000
82,labnosh-protein-strawberry-350,프로틴 드링크 (스트로베리),https://www.coupang.com/vp/products/9425699091?itemId=28018418017&vendorItemId=94975681252,https://search.shopping.naver.com/search/all?query=%EB%9E%A9%EB%85%B8%EC%89%AC%20%ED%94%84%EB%A1%9C%ED%8B%B4%20%EB%93%9C%EB%A7%81%ED%81%AC%20(%EC%8A%A4%ED%8A%B8%EB%A1%9C%EB%B2%A0%EB%A6%AC)&prevQuery=%EB%A7%88%EC%9D%B4%EB%B0%80%20%ED%93%A8%EB%A1%9C%ED%8B%B4%20(%EC%B4%88%EC%BD%94%EB%A7%9B)&vertical=search,https://labnosh.com/category/%EB%9E%A9%EB%85%B8%EC%89%AC/44/
87,labnosh-protein-perfect-grain-350,프로틴 드링크 퍼펙트 (그레인),https://www.coupang.com/vp/products/9317395031?itemId=27696276237&vendorItemId=94747338008&pickType=COU_PICK&q=%EB%9E%A9%EB%85%B8%EC%89%AC+%ED%94%84%EB%A1%9C%ED%8B%B4+%EB%93%9C%EB%A7%81%ED%81%AC+%ED%8D%BC%ED%8E%99%ED%8A%B8+%28%EA%B7%B8%EB%A0%88%EC%9D%B8%29&searchId=2e9757e13815714&sourceType=search&itemsCount=36&searchRank=1&rank=1&traceId=mmybc6a6,https://search.shopping.naver.com/search/all?query=%ED%94%84%EB%A1%9C%ED%8B%B4%20%EB%93%9C%EB%A7%81%ED%81%AC%20%ED%8D%BC%ED%8E%99%ED%8A%B8%20(%EA%B7%B8%EB%A0%88%EC%9D%B8)&prevQuery=%EB%9E%A9%EB%85%B8%EC%89%AC%20%ED%94%84%EB%A1%9C%ED%8B%B4%20%EB%93%9C%EB%A7%81%ED%81%AC%20(%EC%8A%A4%ED%8A%B8%EB%A1%9C%EB%B2%A0%EB%A6%AC)&vertical=search,https://labnosh.com/category/%EB%9E%A9%EB%85%B8%EC%89%AC/44/
88,labnosh-protein-perfect-choco-350,프로틴 드링크 퍼펙트 (초코),https://www.coupang.com/vp/products/9392371253?itemId=27646294134&searchId=fa475e15c3574045a8c95ef535972b56&sourceType=brandstore_sdp_atf_topbadge-products&storeId=1499&subSourceType=brandstore_sdp_atf_topbadge-products&vendorId=A00106361&vendorItemId=94608838410,https://search.shopping.naver.com/search/all?query=%ED%94%84%EB%A1%9C%ED%8B%B4%20%EB%93%9C%EB%A7%81%ED%81%AC%20%ED%8D%BC%ED%8E%99%ED%8A%B8%20(%EC%B4%88%EC%BD%94)&prevQuery=%ED%94%84%EB%A1%9C%ED%8B%B4%20%EB%93%9C%EB%A7%81%ED%81%AC%20%ED%8D%BC%ED%8E%99%ED%8A%B8%20(%EA%B7%B8%EB%A0%88%EC%9D%B8)&vertical=search,https://labnosh.com/category/%EB%9E%A9%EB%85%B8%EC%89%AC/44/
89,labnosh-protein-perfect-banana-350,프로틴 드링크 퍼펙트 (바나나),https://www.coupang.com/vp/products/9317372382?itemId=27646295014&vendorItemId=94683765794&q=%ED%94%84%EB%A1%9C%ED%8B%B4+%EB%93%9C%EB%A7%81%ED%81%AC+%ED%8D%BC%ED%8E%99%ED%8A%B8+%28%EB%B0%94%EB%82%98%EB%82%98%29&searchId=7040b9853977361&sourceType=search&itemsCount=36&searchRank=3&rank=3&traceId=mmybd2eq,https://search.shopping.naver.com/search/all?query=%ED%94%84%EB%A1%9C%ED%8B%B4%20%EB%93%9C%EB%A7%81%ED%81%AC%20%ED%8D%BC%ED%8E%99%ED%8A%B8%20(%EB%B0%94%EB%82%98%EB%82%98)&prevQuery=%ED%94%84%EB%A1%9C%ED%8B%B4%20%EB%93%9C%EB%A7%81%ED%81%AC%20%ED%8D%BC%ED%8E%99%ED%8A%B8%20(%EC%B4%88%EC%BD%94)&vertical=search,https://labnosh.com/category/%EB%9E%A9%EB%85%B8%EC%89%AC/44/
77,labnosh-protein-melon-350,프로틴 드링크 (메론),https://www.coupang.com/vp/products/7977620460?itemId=22122632755&vendorItemId=90043603950&q=프로틴%20프로틴%20드링크%20(메론)&searchId=6e5e3ccf3398578&sourceType=search&itemsCount=36&searchRank=3&rank=3&traceId=mmybdfxa,https://search.shopping.naver.com/search/all?query=%EB%9E%A9%EB%85%B8%EC%89%AC%20%ED%94%84%EB%A1%9C%ED%8B%B4%20%EB%93%9C%EB%A7%81%ED%81%AC%20%EB%A9%94%EB%A1%A0&prevQuery=%EB%9E%A9%EB%85%B8%EC%89%AC%20%ED%94%84%EB%A1%9C%ED%8B%B4%20%EB%93%9C%EB%A7%81%ED%81%AC%20%EC%BF%A0%ED%82%A4%EC%95%A4%ED%81%AC%EB%A6%BC%2C%20350ml%2C%206%EA%B0%9C&vertical=search,https://labnosh.com/category/%EB%9E%A9%EB%85%B8%EC%89%AC/44/
76,labnosh-protein-latte-350,프로틴 드링크 (라떼),https://www.coupang.com/vp/products/7851656632?itemId=19655458823&vendorItemId=86888404425&q=%ED%94%84%EB%A1%9C%ED%8B%B4+%EB%93%9C%EB%A7%81%ED%81%AC+%28%EB%9D%BC%EB%96%BC%29&searchId=428b720318155340&sourceType=search&itemsCount=36&searchRank=0&rank=0&traceId=mmybff09,https://search.shopping.naver.com/search/all?query=%EB%9E%A9%EB%85%B8%EC%89%AC%20%ED%94%84%EB%A1%9C%ED%8B%B4%20%EB%93%9C%EB%A7%81%ED%81%AC%20%EB%9D%BC%EB%96%BC&prevQuery=%EB%9E%A9%EB%85%B8%EC%89%AC%20%ED%94%84%EB%A1%9C%ED%8B%B4%20%EB%93%9C%EB%A7%81%ED%81%AC%20%EB%A9%94%EB%A1%A0&vertical=search,https://labnosh.com/category/%EB%9E%A9%EB%85%B8%EC%89%AC/44/
86,labnosh-protein-cookie-cream-350,프로틴 드링크 (쿠키앤크림),https://www.coupang.com/vp/products/8116105373?itemId=24670660614&vendorItemId=91680920856,https://search.shopping.naver.com/search/all?query=%EB%9E%A9%EB%85%B8%EC%89%AC%20%ED%94%84%EB%A1%9C%ED%8B%B4%20%EB%93%9C%EB%A7%81%ED%81%AC%20%EC%BF%A0%ED%82%A4%EC%95%A4%ED%81%AC%EB%A6%BC%2C%20350ml%2C%206%EA%B0%9C&prevQuery=%EB%9E%A9%EB%85%B8%EC%89%AC%20%ED%94%84%EB%A1%9C%ED%8B%B4%20%EB%93%9C%EB%A7%81%ED%81%AC%20(%EC%BF%A0%ED%82%A4%EC%95%A4%ED%81%AC%EB%A6%BC)&vertical=search,https://labnosh.com/category/%EB%9E%A9%EB%85%B8%EC%89%AC/44/
81,labnosh-protein-cacao-350,프로틴 드링크 (카카오),https://www.coupang.com/vp/products/9425695000?itemId=28018403692&vendorItemId=94975666908&q=%EB%9E%A9%EB%85%B8%EC%89%AC%20%ED%94%84%EB%A1%9C%ED%8B%B4%20%EB%93%9C%EB%A7%81%ED%81%AC%20(%EC%B9%B4%EC%B9%B4%EC%98%A4)&searchId=e888ef2e7792225&sourceType=search&itemsCount=36&searchRank=0&rank=0&traceId=mmybg3m8,https://search.shopping.naver.com/search/all?query=%EB%9E%A9%EB%85%B8%EC%89%AC%20%ED%94%84%EB%A1%9C%ED%8B%B4%20%EB%93%9C%EB%A7%81%ED%81%AC%20%EC%B9%B4%EC%B9%B4%EC%98%A4&prevQuery=%EB%9E%A9%EB%85%B8%EC%89%AC%20%ED%94%84%EB%A1%9C%ED%8B%B4%20%EB%93%9C%EB%A7%81%ED%81%AC%20%EB%9D%BC%EB%96%BC&vertical=search,https://labnosh.com/category/%EB%9E%A9%EB%85%B8%EC%89%AC/44/
85,labnosh-protein-banana-350,프로틴 드링크 (바나나),https://www.coupang.com/vp/products/6957150045?itemId=18108175092&vendorItemId=94605403105,https://search.shopping.naver.com/search/all?query=%EB%9E%A9%EB%85%B8%EC%89%AC%20%EB%9E%A9%EB%85%B8%EC%89%AC%20%ED%94%84%EB%A1%9C%ED%8B%B4%20%EB%93%9C%EB%A7%81%ED%81%AC%20%EB%A7%88%EC%9D%BC%EB%93%9C%20%EB%B0%94%EB%82%98%EB%82%98%20350ml&prevQuery=%EB%9E%A9%EB%85%B8%EC%89%AC%20%ED%94%84%EB%A1%9C%ED%8B%B4%20%EB%93%9C%EB%A7%81%ED%81%AC%20%EB%A7%88%EC%9D%BC%EB%93%9C%20%EB%B0%94%EB%82%98%EB%82%98&vertical=search,https://labnosh.com/category/%EB%9E%A9%EB%85%B8%EC%89%AC/44/
99,hymune-protein-balance-plus-190,프로틴 밸런스 (플러스),,https://search.shopping.naver.com/search/all?query=%ED%95%98%EC%9D%B4%EB%AE%A8%20%ED%94%84%EB%A1%9C%ED%8B%B4%20%EB%B0%B8%EB%9F%B0%EC%8A%A4%20(%ED%94%8C%EB%9F%AC%EC%8A%A4)&prevQuery=%EB%9E%A9%EB%85%B8%EC%89%AC%20%EB%9E%A9%EB%85%B8%EC%89%AC%20%ED%94%84%EB%A1%9C%ED%8B%B4%20%EB%93%9C%EB%A7%81%ED%81%AC%20%EB%A7%88%EC%9D%BC%EB%93%9C%20%EB%B0%94%EB%82%98%EB%82%98%20350ml&vertical=search,https://brand.naver.com/ildongfoodis/category/ca3a89b53d1f4aa3bce7f3b70bb97f31?cp=1
38,hymune-protein-balance-plant-highprotein-190,프로틴 밸런스 (식물성 고단백),https://www.coupang.com/vp/products/9323322421?itemId=27634882124&vendorItemId=94597645720&q=%ED%95%98%EC%9D%B4%EB%AE%A8+%ED%94%84%EB%A1%9C%ED%8B%B4+%EB%B0%B8%EB%9F%B0%EC%8A%A4+%28%EC%8B%9D%EB%AC%BC%EC%84%B1+%EA%B3%A0%EB%8B%A8%EB%B0%B1%29&searchId=5cf797877206842&sourceType=search&itemsCount=36&searchRank=1&rank=1&traceId=mmybi0iy,https://search.shopping.naver.com/search/all?query=%ED%95%98%EC%9D%B4%EB%AE%A8%20%ED%94%84%EB%A1%9C%ED%8B%B4%20%EB%B0%B8%EB%9F%B0%EC%8A%A4%20%EC%9D%8C%EB%A3%8C%20%EC%8B%9D%EB%AC%BC%EC%84%B1%20%EA%B3%A0%EB%8B%A8%EB%B0%B1%20190ml%2C%2064%EA%B0%9C&prevQuery=%ED%95%98%EC%9D%B4%EB%AE%A8%20%ED%94%84%EB%A1%9C%ED%8B%B4%20%EB%B0%B8%EB%9F%B0%EC%8A%A4%20%EC%8B%9D%EB%AC%BC%EC%84%B1%20%EA%B3%A0%EB%8B%A8%EB%B0%B1&vertical=search,https://brand.naver.com/ildongfoodis/category/ca3a89b53d1f4aa3bce7f3b70bb97f31?cp=1
73,hymune-protein-balance-lowsugar-190,프로틴 밸런스 (저당),https://www.coupang.com/vp/products/7030104285?itemId=24536837257&vendorItemId=90571174880&q=%ED%95%98%EC%9D%B4%EB%AE%A8+%ED%94%84%EB%A1%9C%ED%8B%B4+%EB%B0%B8%EB%9F%B0%EC%8A%A4+%28%EC%A0%80%EB%8B%B9%29&searchId=d1696fde8772115&sourceType=search&itemsCount=36&searchRank=1&rank=1&traceId=mmybief5,https://search.shopping.naver.com/search/all?query=%ED%95%98%EC%9D%B4%EB%AE%A8%20%ED%94%84%EB%A1%9C%ED%8B%B4%20%EB%B0%B8%EB%9F%B0%EC%8A%A4%20(%EC%A0%80%EB%8B%B9)&prevQuery=%ED%95%98%EC%9D%B4%EB%AE%A8%20%ED%94%84%EB%A1%9C%ED%8B%B4%20%EB%B0%B8%EB%9F%B0%EC%8A%A4%20%EC%9D%8C%EB%A3%8C%20%EC%8B%9D%EB%AC%BC%EC%84%B1%20%EA%B3%A0%EB%8B%A8%EB%B0%B1%20190ml%2C%2064%EA%B0%9C&vertical=search,https://brand.naver.com/ildongfoodis/category/ca3a89b53d1f4aa3bce7f3b70bb97f31?cp=1
80,hymune-protein-balance-choco-190,프로틴 밸런스 (초콜릿),,https://search.shopping.naver.com/search/all?query=NEW%20%ED%95%98%EC%9D%B4%EB%AE%A8%20%ED%94%84%EB%A1%9C%ED%8B%B4%20%EB%B0%B8%EB%9F%B0%EC%8A%A4%20%EC%9D%8C%EB%A3%8C%20%EC%B4%88%EC%BD%94%20190ml%2C%2064%EA%B0%9C&prevQuery=%ED%95%98%EC%9D%B4%EB%AE%A8%20%ED%94%84%EB%A1%9C%ED%8B%B4%20%EB%B0%B8%EB%9F%B0%EC%8A%A4%20(%EC%B4%88%EC%BD%9C%EB%A6%BF)&vertical=search,https://brand.naver.com/ildongfoodis/category/ca3a89b53d1f4aa3bce7f3b70bb97f31?cp=1
97,hymune-protein-balance-black-sesame-190,프로틴 밸런스 (흑임자),https://www.coupang.com/vp/products/7892272743?itemId=21757907659&vendorItemId=88806894780&q=%ED%95%98%EC%9D%B4%EB%AE%A8%20%ED%94%84%EB%A1%9C%ED%8B%B4%20%EB%B0%B8%EB%9F%B0%EC%8A%A4%20(%ED%9D%91%EC%9E%84%EC%9E%90)&searchId=69e4a9eb3926316&sourceType=search&itemsCount=36&searchRank=1&rank=1&traceId=mmybjf76,https://search.shopping.naver.com/search/all?query=%ED%95%98%EC%9D%B4%EB%AE%A8%20%ED%94%84%EB%A1%9C%ED%8B%B4%20%EB%B0%B8%EB%9F%B0%EC%8A%A4%20%EC%9D%8C%EB%A3%8C%20%ED%9D%91%EC%9E%84%EC%9E%90%20190ml&prevQuery=NEW%20%ED%95%98%EC%9D%B4%EB%AE%A8%20%ED%94%84%EB%A1%9C%ED%8B%B4%20%EB%B0%B8%EB%9F%B0%EC%8A%A4%20%EC%9D%8C%EB%A3%8C%20%EC%B4%88%EC%BD%94%20190ml%2C%2064%EA%B0%9C&vertical=search,https://brand.naver.com/ildongfoodis/category/ca3a89b53d1f4aa3bce7f3b70bb97f31?cp=1
95,hymune-protein-balance-190,프로틴 밸런스 (오리지널),https://www.coupang.com/vp/products/9057383530?itemId=25190333018&vendorItemId=91899401612&q=%ED%95%98%EC%9D%B4%EB%AE%A8+%ED%94%84%EB%A1%9C%ED%8B%B4+%EB%B0%B8%EB%9F%B0%EC%8A%A4+%28%EC%98%A4%EB%A6%AC%EC%A7%80%EB%84%90%29&searchId=7b4ee9d38337318&sourceType=search&itemsCount=36&searchRank=3&rank=3&traceId=mmybjty3,https://search.shopping.naver.com/search/all?query=%ED%95%98%EC%9D%B4%EB%AE%A8%20%ED%94%84%EB%A1%9C%ED%8B%B4%20%EB%B0%B8%EB%9F%B0%EC%8A%A4%20%EC%9D%8C%EB%A3%8C%20%EC%98%A4%EB%A6%AC%EC%A7%80%EB%84%90%20190ml&prevQuery=%ED%95%98%EC%9D%B4%EB%AE%A8%20%ED%94%84%EB%A1%9C%ED%8B%B4%20%EB%B0%B8%EB%9F%B0%EC%8A%A4%20%EC%9D%8C%EB%A3%8C%20%ED%9D%91%EC%9E%84%EC%9E%90%20190ml&vertical=search,https://brand.naver.com/ildongfoodis/category/ca3a89b53d1f4aa3bce7f3b70bb97f31?cp=1
23,hymune-balance-active-vanilla-bonbon-zero-250,프로틴 밸런스 액티브 (바닐라봉봉),https://www.coupang.com/vp/products/8966626959?itemId=26191217997&vendorItemId=93170584118&q=%ED%94%84%EB%A1%9C%ED%8B%B4+%EB%B0%B8%EB%9F%B0%EC%8A%A4+%EC%95%A1%ED%8B%B0%EB%B8%8C+%28%EB%B0%94%EB%8B%90%EB%9D%BC%EB%B4%89%EB%B4%89%29&searchId=1cb9afa56174946&sourceType=search&itemsCount=36&searchRank=1&rank=1&traceId=mmybky7s,https://search.shopping.naver.com/search/all?query=%ED%95%98%EC%9D%B4%EB%AE%A8%20%ED%94%84%EB%A1%9C%ED%8B%B4%20%EB%B0%B8%EB%9F%B0%EC%8A%A4%20%EC%95%A1%ED%8B%B0%EB%B8%8C%20(%EB%B0%94%EB%8B%90%EB%9D%BC%EB%B4%89%EB%B4%89)&prevQuery=%ED%95%98%EC%9D%B4%EB%AE%A8%20%ED%94%84%EB%A1%9C%ED%8B%B4%20%EB%B0%B8%EB%9F%B0%EC%8A%A4%20%EC%9D%8C%EB%A3%8C%20%EC%98%A4%EB%A6%AC%EC%A7%80%EB%84%90%20190ml&vertical=search,https://brand.naver.com/ildongfoodis/category/ca3a89b53d1f4aa3bce7f3b70bb97f31?cp=1
78,hymune-balance-active-strawberry-250,프로틴 밸런스 액티브 (딸기),https://www.coupang.com/vp/products/8343273234?itemId=24096630939&vendorItemId=91328698871,https://search.shopping.naver.com/search/all?query=%ED%95%98%EC%9D%B4%EB%AE%A8%20%ED%94%84%EB%A1%9C%ED%8B%B4%20%EB%B0%B8%EB%9F%B0%EC%8A%A4%20%EC%95%A1%ED%8B%B0%EB%B8%8C%20(%EB%94%B8%EA%B8%B0)&prevQuery=%ED%95%98%EC%9D%B4%EB%AE%A8%20%ED%94%84%EB%A1%9C%ED%8B%B4%20%EB%B0%B8%EB%9F%B0%EC%8A%A4%20%EC%95%A1%ED%8B%B0%EB%B8%8C%20(%EB%B0%94%EB%8B%90%EB%9D%BC%EB%B4%89%EB%B4%89)&vertical=search,https://brand.naver.com/ildongfoodis/category/ca3a89b53d1f4aa3bce7f3b70bb97f31?cp=1
70,hymune-balance-active-original-250,프로틴 밸런스 액티브 (오리지널),https://www.coupang.com/vp/products/6979534638?itemId=15078790606&vendorItemId=82300980388&pickType=COU_PICK&q=%ED%94%84%EB%A1%9C%ED%8B%B4%20%EB%B0%B8%EB%9F%B0%EC%8A%A4%20%EC%95%A1%ED%8B%B0%EB%B8%8C%20(%EC%98%A4%EB%A6%AC%EC%A7%80%EB%84%90)&searchId=85c625df7676266&sourceType=search&itemsCount=36&searchRank=1&rank=1&traceId=mmybll4w,https://search.shopping.naver.com/search/all?query=%ED%95%98%EC%9D%B4%EB%AE%A8%20%ED%94%84%EB%A1%9C%ED%8B%B4%20%EB%B0%B8%EB%9F%B0%EC%8A%A4%20%EC%95%A1%ED%8B%B0%EB%B8%8C%20(%EC%98%A4%EB%A6%AC%EC%A7%80%EB%84%90)&prevQuery=%ED%95%98%EC%9D%B4%EB%AE%A8%20%ED%94%84%EB%A1%9C%ED%8B%B4%20%EB%B0%B8%EB%9F%B0%EC%8A%A4%20%EC%95%A1%ED%8B%B0%EB%B8%8C%20(%EB%94%B8%EA%B8%B0)&vertical=search,https://brand.naver.com/ildongfoodis/category/ca3a89b53d1f4aa3bce7f3b70bb97f31?cp=1
22,hymune-balance-active-night-tiramisu-zero-250,프로틴 밸런스 액티브 (밤티라미수),https://www.coupang.com/vp/products/8966508605?itemId=26191217856&vendorItemId=93170583826&pickType=COU_PICK&q=%ED%94%84%EB%A1%9C%ED%8B%B4%20%EB%B0%B8%EB%9F%B0%EC%8A%A4%20%EC%95%A1%ED%8B%B0%EB%B8%8C%20(%EB%B0%A4%ED%8B%B0%EB%9D%BC%EB%AF%B8%EC%88%98)&searchId=549035783752877&sourceType=search&itemsCount=36&searchRank=0&rank=0&traceId=mmybluc5,https://search.shopping.naver.com/search/all?query=%ED%95%98%EC%9D%B4%EB%AE%A8%20%ED%94%84%EB%A1%9C%ED%8B%B4%20%EB%B0%B8%EB%9F%B0%EC%8A%A4%20%EC%95%A1%ED%8B%B0%EB%B8%8C%20(%EB%B0%A4%ED%8B%B0%EB%9D%BC%EB%AF%B8%EC%88%98)&prevQuery=%ED%95%98%EC%9D%B4%EB%AE%A8%20%ED%94%84%EB%A1%9C%ED%8B%B4%20%EB%B0%B8%EB%9F%B0%EC%8A%A4%20%EC%95%A1%ED%8B%B0%EB%B8%8C%20(%EC%98%A4%EB%A6%AC%EC%A7%80%EB%84%90)&vertical=search,https://brand.naver.com/ildongfoodis/category/ca3a89b53d1f4aa3bce7f3b70bb97f31?cp=1
10,hymune-balance-active-milkshake-deepchoco-250,프로틴 밸런스 액티브 (밀크쉐이크),https://www.coupang.com/vp/products/8763434526?itemId=25609711976&vendorItemId=94052440114&pickType=COU_PICK&sourceType=srp_product_ads&clickEventId=3a5ecbc0-240a-11f1-b23d-6b7b6ec3d0cb&korePlacement=15&koreSubPlacement=1&clickEventId=3a5ecbc0-240a-11f1-b23d-6b7b6ec3d0cb&korePlacement=15&koreSubPlacement=1&traceId=mmybm5y3,https://search.shopping.naver.com/search/all?query=%ED%95%98%EC%9D%B4%EB%AE%A8%20%ED%94%84%EB%A1%9C%ED%8B%B4%20%EB%B0%B8%EB%9F%B0%EC%8A%A4%20%EC%95%A1%ED%8B%B0%EB%B8%8C%20(%EB%B0%80%ED%81%AC%EC%89%90%EC%9D%B4%ED%81%AC)&prevQuery=%ED%95%98%EC%9D%B4%EB%AE%A8%20%ED%94%84%EB%A1%9C%ED%8B%B4%20%EB%B0%B8%EB%9F%B0%EC%8A%A4%20%EC%95%A1%ED%8B%B0%EB%B8%8C%20(%EB%B0%A4%ED%8B%B0%EB%9D%BC%EB%AF%B8%EC%88%98)&vertical=search,https://brand.naver.com/ildongfoodis/category/ca3a89b53d1f4aa3bce7f3b70bb97f31?cp=1
24,hymune-balance-active-double-shot-coffee-250,프로틴 밸런스 액티브 (더블샷 커피),https://www.coupang.com/vp/products/7675277669?itemId=20485989473&vendorItemId=93563353610,https://search.shopping.naver.com/search/all?query=%ED%95%98%EC%9D%B4%EB%AE%A8%20%ED%94%84%EB%A1%9C%ED%8B%B4%20%EB%B0%B8%EB%9F%B0%EC%8A%A4%20%EC%95%A1%ED%8B%B0%EB%B8%8C%20(%EB%8D%94%EB%B8%94%EC%83%B7%20%EC%BB%A4%ED%94%BC)&prevQuery=%ED%95%98%EC%9D%B4%EB%AE%A8%20%ED%94%84%EB%A1%9C%ED%8B%B4%20%EB%B0%B8%EB%9F%B0%EC%8A%A4%20%EC%95%A1%ED%8B%B0%EB%B8%8C%20(%EB%B0%80%ED%81%AC%EC%89%90%EC%9D%B4%ED%81%AC)&vertical=search,https://brand.naver.com/ildongfoodis/category/ca3a89b53d1f4aa3bce7f3b70bb97f31?cp=1
12,hymune-balance-active-deepchoco-250,프로틴 밸런스 액티브 (딥초코),https://www.coupang.com/vp/products/8771703129?itemId=25937278398&vendorItemId=92920594480&pickType=COU_PICK&q=%ED%94%84%EB%A1%9C%ED%8B%B4+%EB%B0%B8%EB%9F%B0%EC%8A%A4+%EC%95%A1%ED%8B%B0%EB%B8%8C+%28%EB%94%A5%EC%B4%88%EC%BD%94%29&searchId=7102a9e14754316&sourceType=search&itemsCount=36&searchRank=0&rank=0&traceId=mmybmrld,https://search.shopping.naver.com/search/all?query=%ED%95%98%EC%9D%B4%EB%AE%A8%20%ED%94%84%EB%A1%9C%ED%8B%B4%20%EB%B0%B8%EB%9F%B0%EC%8A%A4%20%EC%95%A1%ED%8B%B0%EB%B8%8C%20%EB%94%A5%EC%B4%88%EC%BD%94%20%EC%A0%9C%EB%A1%9C%20250ml%2018%EA%B0%9C&prevQuery=%ED%95%98%EC%9D%B4%EB%AE%A8%20%ED%94%84%EB%A1%9C%ED%8B%B4%20%EB%B0%B8%EB%9F%B0%EC%8A%A4%20%EC%95%A1%ED%8B%B0%EB%B8%8C%20(%EB%94%A5%EC%B4%88%EC%BD%94)%20%EC%A0%9C%EB%A1%9C&vertical=search,https://brand.naver.com/ildongfoodis/category/ca3a89b53d1f4aa3bce7f3b70bb97f31?cp=1
75,hymune-balance-active-cookie-cream-250,프로틴 밸런스 액티브 (쿠키앤크림),https://www.coupang.com/vp/products/8832895571?itemId=25752635728&vendorItemId=92740913914,https://search.shopping.naver.com/search/all?query=%ED%95%98%EC%9D%B4%EB%AE%A8%20%ED%94%84%EB%A1%9C%ED%8B%B4%20%EB%B0%B8%EB%9F%B0%EC%8A%A4%20%EC%95%A1%ED%8B%B0%EB%B8%8C%20%EC%BF%A0%ED%82%A4%EC%95%A4%ED%81%AC%EB%A6%BC%2C%20250ml%2C%2036%EA%B0%9C&prevQuery=%ED%94%84%EB%A1%9C%ED%8B%B4%20%EB%B0%B8%EB%9F%B0%EC%8A%A4%20%EC%95%A1%ED%8B%B0%EB%B8%8C%20(%EC%BF%A0%ED%82%A4%EC%95%A4%ED%81%AC%EB%A6%BC)&vertical=search,https://brand.naver.com/ildongfoodis/category/ca3a89b53d1f4aa3bce7f3b70bb97f31?cp=1
62,hymune-balance-active-banana-250,프로틴 밸런스 액티브 (바나나),https://www.coupang.com/vp/products/9381233062?itemId=27856603174&vendorItemId=94815956938,https://search.shopping.naver.com/search/all?query=%ED%95%98%EC%9D%B4%EB%AE%A8%20%ED%94%84%EB%A1%9C%ED%8B%B4%20%EB%B0%B8%EB%9F%B0%EC%8A%A4%20%EC%95%A1%ED%8B%B0%EB%B8%8C%20%EB%B0%94%EB%82%98%EB%82%98&prevQuery=%ED%95%98%EC%9D%B4%EB%AE%A8%20%ED%94%84%EB%A1%9C%ED%8B%B4%20%EB%B0%B8%EB%9F%B0%EC%8A%A4%20%EC%95%A1%ED%8B%B0%EB%B8%8C%20%EC%BF%A0%ED%82%A4%EC%95%A4%ED%81%AC%EB%A6%BC%2C%20250ml%2C%2036%EA%B0%9C&vertical=search,https://brand.naver.com/ildongfoodis/category/ca3a89b53d1f4aa3bce7f3b70bb97f31?cp=1
91,hamsoa-minions-proteinact-choco-330,미니언즈 프로틴액트 (초콜릿),,https://search.shopping.naver.com/search/all?query=%EB%AF%B8%EB%8B%88%EC%96%B8%EC%A6%88%20%ED%94%84%EB%A1%9C%ED%8B%B4%EC%95%A1%ED%8A%B8%20%EC%B4%88%EC%BD%94%EB%A7%9B%2024%EA%B0%9C%20330ml&prevQuery=%EB%AF%B8%EB%8B%88%EC%96%B8%EC%A6%88%20%ED%94%84%EB%A1%9C%ED%8B%B4%EC%95%A1%ED%8A%B8%20%EC%9D%8C%EB%A3%8C%20(%EC%B4%88%EC%BD%9C%EB%A6%BF)&vertical=search,
58,greenbia-proteinmeal-active-choco-250,프로틴밀 액티브 (초콜릿),https://www.coupang.com/vp/products/8561335269?itemId=25854902107&vendorItemId=94483289470&q=%ED%94%84%EB%A1%9C%ED%8B%B4%EB%B0%80%20%EC%95%A1%ED%8B%B0%EB%B8%8C%20(%EC%B4%88%EC%BD%9C%EB%A6%BF)&searchId=db1f522d1068385&sourceType=search&itemsCount=36&searchRank=0&rank=0&traceId=mmyboemn,https://search.shopping.naver.com/search/all?query=%ED%94%84%EB%A1%9C%ED%8B%B4%EB%B0%80%20%EC%95%A1%ED%8B%B0%EB%B8%8C%20%EC%B4%88%EC%BD%94&prevQuery=%ED%94%84%EB%A1%9C%ED%8B%B4%EB%B0%80%20%EC%95%A1%ED%8B%B0%EB%B8%8C%20(%EC%B4%88%EC%BD%9C%EB%A6%BF)&vertical=search,https://brand.naver.com/dcfwithedaymall/category/d6ef46e43ee04512bfa7eae66afb50ad?cp=1
59,greenbia-proteinmeal-active-almond-walnut-250,프로틴밀 액티브 (아몬드&호두),https://www.coupang.com/vp/products/8562018353?itemId=24796319587&vendorItemId=91801130482&q=%ED%94%84%EB%A1%9C%ED%8B%B4%EB%B0%80%20%EC%95%A1%ED%8B%B0%EB%B8%8C%20(%EC%95%84%EB%AA%AC%EB%93%9C)&searchId=9dccaf967279888&sourceType=search&itemsCount=36&searchRank=0&rank=0&traceId=mmyboolb,https://search.shopping.naver.com/search/all?query=%ED%94%84%EB%A1%9C%ED%8B%B4%EB%B0%80%20%EC%95%A1%ED%8B%B0%EB%B8%8C%20%EC%95%84%EB%AA%AC%EB%93%9C%ED%98%B8%EB%91%90&prevQuery=%ED%94%84%EB%A1%9C%ED%8B%B4%EB%B0%80%20%EC%95%A1%ED%8B%B0%EB%B8%8C%20%EC%95%84%EB%AA%AC%EB%93%9C%EC%B4%88%EC%BD%94&vertical=search,https://brand.naver.com/dcfwithedaymall/category/d6ef46e43ee04512bfa7eae66afb50ad?cp=1
68,dryou-protein-drink-strawberry-250,프로 단백질 드링크 (딸기),,https://search.shopping.naver.com/search/all?query=%EB%8B%A5%ED%84%B0%EC%9C%A0%20%ED%94%84%EB%A1%9C%20%EB%8B%A8%EB%B0%B1%EC%A7%88%20%EB%93%9C%EB%A7%81%ED%81%AC%20(%EB%94%B8%EA%B8%B0)&prevQuery=%ED%94%84%EB%A1%9C%ED%8B%B4%EB%B0%80%20%EC%95%A1%ED%8B%B0%EB%B8%8C%20%EC%95%84%EB%AA%AC%EB%93%9C%ED%98%B8%EB%91%90&vertical=search,https://dryoumall.com/product/list.html?cate_no=45
52,dryou-protein-drink-choco-250,프로 단백질 드링크 (초콜릿),https://www.coupang.com/vp/products/6612465223?itemId=25564952395&vendorItemId=92556174487&pickType=COU_PICK&q=%EB%8B%A5%ED%84%B0%EC%9C%A0%20%ED%94%84%EB%A1%9C%20%EB%8B%A8%EB%B0%B1%EC%A7%88%20%EB%93%9C%EB%A7%81%ED%81%AC%20(%EC%B4%88%EC%BD%9C%EB%A6%BF)&searchId=f9fc46852458458&sourceType=search&itemsCount=36&searchRank=0&rank=0&traceId=mmybpm9b,https://search.shopping.naver.com/search/all?query=%EB%8B%A5%ED%84%B0%EC%9C%A0%20%ED%94%84%EB%A1%9C%20%EB%8B%A8%EB%B0%B1%EC%A7%88%20%EB%93%9C%EB%A7%81%ED%81%AC%20%EC%B4%88%EC%BD%94%EB%A7%9B%2C%20250ml%2C%2024%EA%B0%9C&prevQuery=%EB%8B%A5%ED%84%B0%EC%9C%A0%20%ED%94%84%EB%A1%9C%20%EB%8B%A8%EB%B0%B1%EC%A7%88%20%EB%93%9C%EB%A7%81%ED%81%AC%20(%EC%B4%88%EC%BD%94)&vertical=search,https://dryoumall.com/product/list.html?cate_no=45
63,dryou-protein-drink-banana-250,프로 단백질 드링크 (바나나),,https://search.shopping.naver.com/search/all?query=%EB%8B%A5%ED%84%B0%EC%9C%A0%20%ED%94%84%EB%A1%9C%20%EB%8B%A8%EB%B0%B1%EC%A7%88%20%EB%93%9C%EB%A7%81%ED%81%AC%20%EB%B0%94%EB%82%98%EB%82%98%EB%A7%9B%2C%20250ml%2C%2024%EA%B0%9C&prevQuery=%EB%8B%A5%ED%84%B0%EC%9C%A0%20%ED%94%84%EB%A1%9C%20%EB%8B%A8%EB%B0%B1%EC%A7%88%20%EB%93%9C%EB%A7%81%ED%81%AC%20%EC%B4%88%EC%BD%94%EB%A7%9B%2C%20250ml%2C%2024%EA%B0%9C&vertical=search,https://dryoumall.com/product/list.html?cate_no=45
69,dryou-protein-40g-strawberry-350,프로 단백질 드링크 40g (딸기),https://www.coupang.com/vp/products/8866352646?itemId=25858860201&vendorItemId=92845193561&q=%EB%8B%A5%ED%84%B0%EC%9C%A0%20%ED%94%84%EB%A1%9C%20%EB%8B%A8%EB%B0%B1%EC%A7%88%20%EB%93%9C%EB%A7%81%ED%81%AC%2040g%20(%EB%94%B8%EA%B8%B0)&searchId=3f3a6fc54566005&sourceType=search&itemsCount=36&searchRank=0&rank=0&traceId=mmybqk7p,https://search.shopping.naver.com/search/all?query=%EB%8B%A5%ED%84%B0%EC%9C%A0%ED%94%84%EB%A1%9C%20%EB%8B%A8%EB%B0%B1%EC%A7%88%20%EB%93%9C%EB%A7%81%ED%81%AC%2040g%20%EB%94%B8%EA%B8%B0%20X%2012%EB%B3%91&prevQuery=%EB%8B%A5%ED%84%B0%EC%9C%A0%20%ED%94%84%EB%A1%9C%20%EB%8B%A8%EB%B0%B1%EC%A7%88%20%EB%93%9C%EB%A7%81%ED%81%AC%2040g%20(%EB%94%B8%EA%B8%B0)&vertical=search,https://dryoumall.com/product/list.html?cate_no=45
74,dryou-protein-40g-choco-350,프로 단백질 드링크 40g (초콜릿),https://www.coupang.com/vp/products/9422067976?itemId=28004007837&vendorItemId=94961464016&q=%EB%8B%A5%ED%84%B0%EC%9C%A0%20%ED%94%84%EB%A1%9C%20%EB%8B%A8%EB%B0%B1%EC%A7%88%20%EB%93%9C%EB%A7%81%ED%81%AC%2040g%20(%EC%B4%88%EC%BD%94)&searchId=ed1f95772445631&sourceType=search&itemsCount=36&searchRank=0&rank=0&traceId=mmybqx37,https://search.shopping.naver.com/search/all?query=%EB%8B%A5%ED%84%B0%EC%9C%A0%20%ED%94%84%EB%A1%9C%20%EB%8B%A8%EB%B0%B1%EC%A7%88%20%EB%93%9C%EB%A7%81%ED%81%AC%2040g%20%EC%B4%88%EC%BD%94%2C%20350ml%2C%2020%EA%B0%9C&prevQuery=%EB%8B%A5%ED%84%B0%EC%9C%A0%ED%94%84%EB%A1%9C%20%EB%8B%A8%EB%B0%B1%EC%A7%88%20%EB%93%9C%EB%A7%81%ED%81%AC%2040g%20%EC%B4%88%EC%BD%94&vertical=search,https://dryoumall.com/product/list.html?cate_no=45
11,danbaek-water-peach-250,더단백 워터 프로틴 (복숭아),https://www.coupang.com/vp/products/8710022731?itemId=25295108345&vendorItemId=92290454472&pickType=COU_PICK&q=%EB%8D%94%EB%8B%A8%EB%B0%B1%20%EC%9B%8C%ED%84%B0%20%ED%94%84%EB%A1%9C%ED%8B%B4%20(%EB%B3%B5%EC%88%AD%EC%95%84)&searchId=a9e20e252454241&sourceType=search&itemsCount=36&searchRank=1&rank=1&traceId=mmybr7a7,https://search.shopping.naver.com/search/all?query=%EB%8D%94%EB%8B%A8%EB%B0%B1%20%EC%9B%8C%ED%84%B0%20%ED%94%84%EB%A1%9C%ED%8B%B4%20(%EB%B3%B5%EC%88%AD%EC%95%84)&prevQuery=%EB%8B%A5%ED%84%B0%EC%9C%A0%20%ED%94%84%EB%A1%9C%20%EB%8B%A8%EB%B0%B1%EC%A7%88%20%EB%93%9C%EB%A7%81%ED%81%AC%2040g%20%EC%B4%88%EC%BD%94%2C%20350ml%2C%2020%EA%B0%9C&vertical=search,https://brand.naver.com/binggrae/category/54e40c847f15417fae9351c9478ee909?cp=1
100,danbaek-water-grapefruit-400,더단백 워터 프로틴 (백자몽),https://www.coupang.com/vp/products/8690022470?itemId=25272790005&vendorItemId=92268490006&q=%EB%8D%94%EB%8B%A8%EB%B0%B1+%EC%9B%8C%ED%84%B0+%ED%94%84%EB%A1%9C%ED%8B%B4+%28%EB%B0%B1%EC%9E%90%EB%AA%BD%29&searchId=86809a464020712&sourceType=search&itemsCount=36&searchRank=0&rank=0&traceId=mmybritt,https://search.shopping.naver.com/search/all?query=%EB%8D%94%EB%8B%A8%EB%B0%B1%20%EC%9B%8C%ED%84%B0%20%ED%94%84%EB%A1%9C%ED%8B%B4%20(%EB%B0%B1%EC%9E%90%EB%AA%BD)&prevQuery=%EB%8D%94%EB%8B%A8%EB%B0%B1%20%EC%9B%8C%ED%84%B0%20%ED%94%84%EB%A1%9C%ED%8B%B4%20(%EB%B3%B5%EC%88%AD%EC%95%84)&vertical=search,https://brand.naver.com/binggrae/category/54e40c847f15417fae9351c9478ee909?cp=1
9,danbaek-water-apple-400,더단백 워터 프로틴 (청사과),https://www.coupang.com/vp/products/8687843224?itemId=25273311624&vendorItemId=92268990800,https://search.shopping.naver.com/search/all?query=%EB%B9%99%EA%B7%B8%EB%A0%88%20%EB%8D%94%EB%8B%A8%EB%B0%B1%20%EC%9B%8C%ED%84%B0%ED%94%84%EB%A1%9C%ED%8B%B4%20%EC%B2%AD%EC%82%AC%EA%B3%BC%20%2C%20400ml%2C%2024%EA%B0%9C&prevQuery=%EB%8D%94%EB%8B%A8%EB%B0%B1%20%EC%9B%8C%ED%84%B0%20%ED%94%84%EB%A1%9C%ED%8B%B4%20(%EC%B2%AD%EC%82%AC%EA%B3%BC)&vertical=search,https://brand.naver.com/binggrae/category/54e40c847f15417fae9351c9478ee909?cp=1
41,danbaek-drink-strawberry-250,더단백 드링크 (딸기),https://www.coupang.com/vp/products/7814209814?itemId=21359437294&vendorItemId=88266164587&pickType=COU_PICK&q=%EB%8D%94%EB%8B%A8%EB%B0%B1%20%EB%93%9C%EB%A7%81%ED%81%AC%20(%EB%94%B8%EA%B8%B0)&searchId=0bd84b148830696&sourceType=search&itemsCount=36&searchRank=0&rank=0&traceId=mmybsc4h,https://search.shopping.naver.com/search/all?query=%EB%8D%94%EB%8B%A8%EB%B0%B1%20%EB%93%9C%EB%A7%81%ED%81%AC%20(%EB%94%B8%EA%B8%B0)&prevQuery=%EB%B9%99%EA%B7%B8%EB%A0%88%20%EB%8D%94%EB%8B%A8%EB%B0%B1%20%EC%9B%8C%ED%84%B0%ED%94%84%EB%A1%9C%ED%8B%B4%20%EC%B2%AD%EC%82%AC%EA%B3%BC%20%2C%20400ml%2C%2024%EA%B0%9C&vertical=search,https://brand.naver.com/binggrae/category/54e40c847f15417fae9351c9478ee909?cp=1
40,danbaek-drink-milktea-250,더단백 드링크 (밀크티),https://www.coupang.com/vp/products/7821929485?itemId=21248101256&vendorItemId=88308658437,https://search.shopping.naver.com/search/all?query=%EB%8D%94%EB%8B%A8%EB%B0%B1%20%EB%93%9C%EB%A7%81%ED%81%AC%20(%EB%B0%80%ED%81%AC%ED%8B%B0)&prevQuery=%EB%8D%94%EB%8B%A8%EB%B0%B1%20%EB%93%9C%EB%A7%81%ED%81%AC%20(%EB%94%B8%EA%B8%B0)&vertical=search,https://brand.naver.com/binggrae/category/54e40c847f15417fae9351c9478ee909?cp=1
50,danbaek-drink-melon-250,더단백 드링크 (멜론),https://www.coupang.com/vp/products/8308582418?itemId=23972733461&searchId=820400aef6f542c0960ee8fa489b92d6&sourceType=brandstore_sdp_atf_topbadge-carousel&storeId=113103&subSourceType=brandstore_sdp_atf_topbadge-carousel&vendorId=A00003172&vendorItemId=90994072738,https://search.shopping.naver.com/search/all?query=%EB%8D%94%EB%8B%A8%EB%B0%B1%20%EB%93%9C%EB%A7%81%ED%81%AC%20(%EB%A9%9C%EB%A1%A0)&prevQuery=%EB%8D%94%EB%8B%A8%EB%B0%B1%20%EB%93%9C%EB%A7%81%ED%81%AC%20(%EB%B0%80%ED%81%AC%ED%8B%B0)&vertical=search,https://brand.naver.com/binggrae/category/54e40c847f15417fae9351c9478ee909?cp=1
51,danbaek-drink-doublechoco-350,더단백 드링크 (더블초코),https://www.coupang.com/vp/products/9304930044?itemId=27775267630&vendorItemId=94735664101&q=%EB%8D%94%EB%8B%A8%EB%B0%B1+%EB%8D%94%EB%B8%94%EC%B4%88%EC%BD%94&searchId=8baa709b43237&sourceType=search&itemsCount=36&searchRank=0&rank=0&traceId=mmyjfm5v,https://search.shopping.naver.com/search/all?query=%EB%8D%94%EB%8B%A8%EB%B0%B1%20%EB%93%9C%EB%A7%81%ED%81%AC%20(%EB%8D%94%EB%B8%94%EC%B4%88%EC%BD%94)&prevQuery=%EB%8D%94%EB%8B%A8%EB%B0%B1%20%EB%93%9C%EB%A7%81%ED%81%AC%20(%EB%A9%9C%EB%A1%A0)&vertical=search,https://brand.naver.com/binggrae/category/54e40c847f15417fae9351c9478ee909?cp=1
54,danbaek-drink-darkchoco-330,더단백 드링크 (다크초코),https://www.coupang.com/vp/products/9165375222?itemId=27003819134&searchId=820400aef6f542c0960ee8fa489b92d6&sourceType=brandstore_sdp_atf_topbadge-carousel&storeId=113103&subSourceType=brandstore_sdp_atf_topbadge-carousel&vendorId=A00003172&vendorItemId=93972516698,https://search.shopping.naver.com/search/all?query=%EB%8D%94%EB%8B%A8%EB%B0%B1%20%EB%93%9C%EB%A7%81%ED%81%AC%20(%EB%8B%A4%ED%81%AC%EC%B4%88%EC%BD%94)&prevQuery=%EB%8D%94%EB%8B%A8%EB%B0%B1%20%EB%93%9C%EB%A7%81%ED%81%AC%20(%EB%8D%94%EB%B8%94%EC%B4%88%EC%BD%94)&vertical=search,https://brand.naver.com/binggrae/category/54e40c847f15417fae9351c9478ee909?cp=1
5,danbaek-drink-coffee-250,더단백 드링크 (커피),https://www.coupang.com/vp/products/7411107327?itemId=19202399565&searchId=820400aef6f542c0960ee8fa489b92d6&sourceType=brandstore_sdp_atf_topbadge-carousel&storeId=113103&subSourceType=brandstore_sdp_atf_topbadge-carousel&vendorId=A00003172&vendorItemId=81135143112,https://search.shopping.naver.com/search/all?query=%EB%8D%94%EB%8B%A8%EB%B0%B1%20%EB%93%9C%EB%A7%81%ED%81%AC%20(%EC%BB%A4%ED%94%BC)&prevQuery=%EB%8D%94%EB%8B%A8%EB%B0%B1%20%EB%93%9C%EB%A7%81%ED%81%AC%20(%EB%8B%A4%ED%81%AC%EC%B4%88%EC%BD%94)&vertical=search,https://brand.naver.com/binggrae/category/54e40c847f15417fae9351c9478ee909?cp=1
47,danbaek-drink-chocolate-250,더단백 드링크 (초콜릿),https://www.coupang.com/vp/products/7411095382?itemId=13466502453&searchId=820400aef6f542c0960ee8fa489b92d6&sourceType=brandstore_sdp_atf_topbadge-carousel&storeId=113103&subSourceType=brandstore_sdp_atf_topbadge-carousel&vendorId=A00003172&vendorItemId=76137436686,https://search.shopping.naver.com/search/all?query=%EB%8D%94%EB%8B%A8%EB%B0%B1%20%EB%93%9C%EB%A7%81%ED%81%AC%20(%EC%B4%88%EC%BD%9C%EB%A6%BF)&prevQuery=%EB%8D%94%EB%8B%A8%EB%B0%B1%20%EB%93%9C%EB%A7%81%ED%81%AC%20(%EC%BB%A4%ED%94%BC)&vertical=search,https://brand.naver.com/binggrae/category/54e40c847f15417fae9351c9478ee909?cp=1
53,danbaek-drink-caramel-250,더단백 드링크 (카라멜),https://www.coupang.com/vp/products/7616812492?itemId=20184839209&searchId=820400aef6f542c0960ee8fa489b92d6&sourceType=brandstore_sdp_atf_topbadge-carousel&storeId=113103&subSourceType=brandstore_sdp_atf_topbadge-carousel&vendorId=A00003172&vendorItemId=81133193583,https://search.shopping.naver.com/search/all?query=%EB%8D%94%EB%8B%A8%EB%B0%B1%20%EB%93%9C%EB%A7%81%ED%81%AC%20(%EC%B9%B4%EB%9D%BC%EB%A9%9C)&prevQuery=%EB%8D%94%EB%8B%A8%EB%B0%B1%20%EB%93%9C%EB%A7%81%ED%81%AC%20(%EC%B4%88%EC%BD%9C%EB%A6%BF)&vertical=search,https://brand.naver.com/binggrae/category/54e40c847f15417fae9351c9478ee909?cp=1
39,danbaek-drink-banana-250,더단백 드링크 (바나나),https://www.coupang.com/vp/products/7821923664?itemId=21248069591&searchId=820400aef6f542c0960ee8fa489b92d6&sourceType=brandstore_sdp_atf_topbadge-carousel&storeId=113103&subSourceType=brandstore_sdp_atf_topbadge-carousel&vendorId=A00003172&vendorItemId=88308626475,https://search.shopping.naver.com/search/all?query=%EB%8D%94%EB%8B%A8%EB%B0%B1%20%EB%93%9C%EB%A7%81%ED%81%AC%20(%EB%B0%94%EB%82%98%EB%82%98)&prevQuery=%EB%8D%94%EB%8B%A8%EB%B0%B1%20%EB%93%9C%EB%A7%81%ED%81%AC%20(%EC%B9%B4%EB%9D%BC%EB%A9%9C)&vertical=search,https://brand.naver.com/binggrae/category/54e40c847f15417fae9351c9478ee909?cp=1
29,calobye-sparkling-pinkgrapefruit-340,프로틴 스파클링 (핑크자몽),https://www.coupang.com/vp/products/6109896939?itemId=26954728306&vendorItemId=93923775259&q=%EC%B9%BC%EB%A1%9C%EB%B0%94%EC%9D%B4+%ED%94%84%EB%A1%9C%ED%8B%B4+%EC%8A%A4%ED%8C%8C%ED%81%B4%EB%A7%81+%28%ED%95%91%ED%81%AC%EC%9E%90%EB%AA%BD%29&searchId=69ad011f5543246&sourceType=search&itemsCount=36&searchRank=1&rank=1&traceId=mmybvj4p,https://search.shopping.naver.com/search/all?query=%EC%B9%BC%EB%A1%9C%EB%B0%94%EC%9D%B4%20%ED%94%84%EB%A1%9C%ED%8B%B4%20%EC%8A%A4%ED%8C%8C%ED%81%B4%EB%A7%81%20(%ED%95%91%ED%81%AC%EC%9E%90%EB%AA%BD)&prevQuery=%ED%94%84%EB%A1%9C%ED%8B%B4%20%EC%8A%A4%ED%8C%8C%ED%81%B4%EB%A7%81%20(%ED%95%91%ED%81%AC%EC%9E%90%EB%AA%BD)&vertical=search,https://www.calobye.shop/list.php?category=2762r02&dept=2
28,calobye-sparkling-grape-340,프로틴 스파클링 (포도),https://www.coupang.com/vp/products/8402651645?itemId=24192542587&vendorItemId=94775009502&q=%EC%B9%BC%EB%A1%9C%EB%B0%94%EC%9D%B4+%ED%94%84%EB%A1%9C%ED%8B%B4+%EC%8A%A4%ED%8C%8C%ED%81%B4%EB%A7%81+%28%ED%8F%AC%EB%8F%84%29&searchId=dbf74b165223752&sourceType=search&itemsCount=36&searchRank=1&rank=1&traceId=mmybvwel,https://search.shopping.naver.com/search/all?query=%EC%B9%BC%EB%A1%9C%EB%B0%94%EC%9D%B4%20%ED%94%84%EB%A1%9C%ED%8B%B4%20%EC%8A%A4%ED%8C%8C%ED%81%B4%EB%A7%81%20(%ED%8F%AC%EB%8F%84)&prevQuery=%EC%B9%BC%EB%A1%9C%EB%B0%94%EC%9D%B4%20%ED%94%84%EB%A1%9C%ED%8B%B4%20%EC%8A%A4%ED%8C%8C%ED%81%B4%EB%A7%81%20(%ED%95%91%ED%81%AC%EC%9E%90%EB%AA%BD)&vertical=search,https://www.calobye.shop/list.php?category=2762r02&dept=2
83,calobye-perfect-powershake-strawberry-250,퍼펙트 파워쉐이크 (딸기맛),https://www.coupang.com/vp/products/8004938677?itemId=22309862206&vendorItemId=91652374312&q=%EC%B9%BC%EB%A1%9C%EB%B0%94%EC%9D%B4+%ED%8D%BC%ED%8E%99%ED%8A%B8+%ED%8C%8C%EC%9B%8C%EC%89%90%EC%9D%B4%ED%81%AC+%28%EB%94%B8%EA%B8%B0%EB%A7%9B%29&searchId=5307969351252&sourceType=search&itemsCount=36&searchRank=0&rank=0&traceId=mmybwbms,https://search.shopping.naver.com/search/all?query=%EC%B9%BC%EB%A1%9C%EB%B0%94%EC%9D%B4%20%ED%8D%BC%ED%8E%99%ED%8A%B8%20%ED%8C%8C%EC%9B%8C%20%EC%89%90%EC%9D%B4%ED%81%AC%2020g%20%EB%94%B8%EA%B8%B0%EB%A7%9B%20%2C%20250ml%2C%2024%EA%B0%9C&prevQuery=%EC%B9%BC%EB%A1%9C%EB%B0%94%EC%9D%B4%20%ED%8D%BC%ED%8E%99%ED%8A%B8%20%ED%8C%8C%EC%9B%8C%EC%89%90%EC%9D%B4%ED%81%AC%20(%EB%94%B8%EA%B8%B0%EB%A7%9B)%20rtd&vertical=search,https://www.calobye.shop/list.php?category=2762r02&dept=2
90,calobye-perfect-powershake-choco-250,퍼펙트 파워쉐이크 (초코맛),https://www.coupang.com/vp/products/7645380932?itemId=20327401952&vendorItemId=91652269991&pickType=COU_PICK&q=%EC%B9%BC%EB%A1%9C%EB%B0%94%EC%9D%B4+%ED%8D%BC%ED%8E%99%ED%8A%B8+%ED%8C%8C%EC%9B%8C%EC%89%90%EC%9D%B4%ED%81%AC+%28%EC%B4%88%EC%BD%94%29&searchId=8715ef034954089&sourceType=search&itemsCount=36&searchRank=3&rank=3&traceId=mmybwngf,https://search.shopping.naver.com/search/all?query=%EC%B9%BC%EB%A1%9C%EB%B0%94%EC%9D%B4%20%ED%8D%BC%ED%8E%99%ED%8A%B8%20%ED%8C%8C%EC%9B%8C%20%EC%89%90%EC%9D%B4%ED%81%AC%2020g%20chzh%EB%A7%9B%20%2C%20250ml%2C%2024%EA%B0%9C&prevQuery=%EC%B9%BC%EB%A1%9C%EB%B0%94%EC%9D%B4%20%ED%8D%BC%ED%8E%99%ED%8A%B8%20%ED%8C%8C%EC%9B%8C%20%EC%89%90%EC%9D%B4%ED%81%AC%2020g%20%EB%94%B8%EA%B8%B0%EB%A7%9B%20%2C%20250ml%2C%2024%EA%B0%9C&vertical=search,https://www.calobye.shop/list.php?category=2762r02&dept=2
49,7eleven-junghoo-vanilla-protein-330,이정후 프로틴 (바닐라),,,
48,7eleven-junghoo-choco-protein-330,이정후 프로틴 (초콜릿),,,
105,sellex-profit-peach-icedtea-330,매일유업 셀렉스 프로핏 스포츠 (복숭아 아이스티),https://www.coupang.com/vp/products/7663054897?itemId=20420622913&vendorItemId=75935752052&q=%EB%A7%A4%EC%9D%BC%EC%9C%A0%EC%97%85%20%EC%85%80%EB%A0%89%EC%8A%A4%20%ED%94%84%EB%A1%9C%ED%95%8F%20%EC%8A%A4%ED%8F%AC%EC%B8%A0%20(%EB%B3%B5%EC%88%AD%EC%95%84%20%EC%95%84%EC%9D%B4%EC%8A%A4%ED%8B%B0)&searchId=30459123134654&sourceType=search&itemsCount=36&searchRank=0&rank=0&traceId=mn4plejq,https://search.shopping.naver.com/search/all?where=all&frm=NVSCTAB&query=%EB%A7%A4%EC%9D%BC%EC%9C%A0%EC%97%85+%EC%85%80%EB%A0%89%EC%8A%A4+%ED%94%84%EB%A1%9C%ED%95%8F+%EC%8A%A4%ED%8F%AC%EC%B8%A0+%28%EB%B3%B5%EC%88%AD%EC%95%84+%EC%95%84%EC%9D%B4%EC%8A%A4%ED%8B%B0%29,https://www.selexmall.com/kr/product/productList?r_ctcode1=024000000000000&r_ctcode2=024000000000000&r_order=1
106,sellex-profit-sports-choco-330,매일유업 셀렉스 프로핏 스포츠 (초콜릿),https://www.coupang.com/vp/products/8288998337?itemId=17962429189&vendorItemId=94792440684&pickType=COU_PICK&q=%EB%A7%A4%EC%9D%BC%EC%9C%A0%EC%97%85+%EC%85%80%EB%A0%89%EC%8A%A4+%ED%94%84%EB%A1%9C%ED%95%8F+%EC%8A%A4%ED%8F%AC%EC%B8%A0+%28%EC%B4%88%EC%BD%9C%EB%A6%BF%29&searchId=0196e6905825886&sourceType=search&itemsCount=36&searchRank=0&rank=0&traceId=mn4plrdl,https://search.shopping.naver.com/search/all?query=%EB%A7%A4%EC%9D%BC%EC%9C%A0%EC%97%85%20%EC%85%80%EB%A0%89%EC%8A%A4%20%ED%94%84%EB%A1%9C%ED%95%8F%20%EC%8A%A4%ED%8F%AC%EC%B8%A0%20(%EC%B4%88%EC%BD%9C%EB%A6%BF)&prevQuery=%EB%A7%A4%EC%9D%BC%EC%9C%A0%EC%97%85%20%EC%85%80%EB%A0%89%EC%8A%A4%20%ED%94%84%EB%A1%9C%ED%95%8F%20%EC%8A%A4%ED%8F%AC%EC%B8%A0%20(%EB%B3%B5%EC%88%AD%EC%95%84%20%EC%95%84%EC%9D%B4%EC%8A%A4%ED%8B%B0)&vertical=search,https://www.selexmall.com/kr/product/productList?r_ctcode1=024000000000000&r_ctcode2=024000000000000&r_order=1
107,sellex-profit-sports-coconut-330,매일유업 셀렉스 프로핏 스포츠 (코코넛),https://www.coupang.com/vp/products/9197453112?itemId=27323113328&vendorItemId=94305335877&q=%EB%A7%A4%EC%9D%BC%EC%9C%A0%EC%97%85%20%EC%85%80%EB%A0%89%EC%8A%A4%20%ED%94%84%EB%A1%9C%ED%95%8F%20%EC%8A%A4%ED%8F%AC%EC%B8%A0%20(%EC%BD%94%EC%BD%94%EB%84%9B)&searchId=5da522395278485&sourceType=search&itemsCount=36&searchRank=0&rank=0,https://search.shopping.naver.com/search/all?query=%EB%A7%A4%EC%9D%BC%EC%9C%A0%EC%97%85%20%EC%85%80%EB%A0%89%EC%8A%A4%20%ED%94%84%EB%A1%9C%ED%95%8F%20%EC%8A%A4%ED%8F%AC%EC%B8%A0%20(%EC%BD%94%EC%BD%94%EB%84%9B)&prevQuery=%EB%A7%A4%EC%9D%BC%EC%9C%A0%EC%97%85%20%EC%85%80%EB%A0%89%EC%8A%A4%20%ED%94%84%EB%A1%9C%ED%95%8F%20%EC%8A%A4%ED%8F%AC%EC%B8%A0%20(%EC%B4%88%EC%BD%9C%EB%A6%BF)&vertical=search,https://www.selexmall.com/kr/product/productList?r_ctcode1=024000000000000&r_ctcode2=024000000000000&r_order=1
108,hymune-balance-active-darkchoco-330,프로틴 밸런스 액티브 (다크초코),https://www.coupang.com/vp/products/8128946047?itemId=23082203301&vendorItemId=90115704513&q=%ED%94%84%EB%A1%9C%ED%8B%B4%20%EB%B0%B8%EB%9F%B0%EC%8A%A4%20%EC%95%A1%ED%8B%B0%EB%B8%8C%20(%EB%8B%A4%ED%81%AC%EC%B4%88%EC%BD%94)&searchId=65b9d7cb5829787&sourceType=search&itemsCount=36&searchRank=0&rank=0&traceId=mn4pm8kf,https://search.shopping.naver.com/search/all?query=%ED%94%84%EB%A1%9C%ED%8B%B4%20%EB%B0%B8%EB%9F%B0%EC%8A%A4%20%EC%95%A1%ED%8B%B0%EB%B8%8C%20(%EB%8B%A4%ED%81%AC%EC%B4%88%EC%BD%94)&prevQuery=%EB%A7%A4%EC%9D%BC%EC%9C%A0%EC%97%85%20%EC%85%80%EB%A0%89%EC%8A%A4%20%ED%94%84%EB%A1%9C%ED%95%8F%20%EC%8A%A4%ED%8F%AC%EC%B8%A0%20(%EC%BD%94%EC%BD%94%EB%84%9B)&vertical=search,https://brand.naver.com/ildongfoodis/category/6f55b75ed3724714bb6ff30784aca283?cp=1
109,hymune-balance-active-plant-protein-250,프로틴 밸런스 액티브 (식물성 단백질),https://www.coupang.com/vp/products/8034447584?itemId=22475130593&vendorItemId=89607429620&q=%ED%94%84%EB%A1%9C%ED%8B%B4+%EB%B0%B8%EB%9F%B0%EC%8A%A4+%EC%95%A1%ED%8B%B0%EB%B8%8C+%28%EC%8B%9D%EB%AC%BC%EC%84%B1+%EB%8B%A8%EB%B0%B1%EC%A7%88%29&searchId=b5ca3fbc5837820&sourceType=search&itemsCount=36&searchRank=0&rank=0&traceId=,https://search.shopping.naver.com/search/all?query=%ED%94%84%EB%A1%9C%ED%8B%B4%20%EB%B0%B8%EB%9F%B0%EC%8A%A4%20%EC%95%A1%ED%8B%B0%EB%B8%8C%20(%EC%8B%9D%EB%AC%BC%EC%84%B1%20%EB%8B%A8%EB%B0%B1%EC%A7%88)&prevQuery=%ED%94%84%EB%A1%9C%ED%8B%B4%20%EB%B0%B8%EB%9F%B0%EC%8A%A4%20%EC%95%A1%ED%8B%B0%EB%B8%8C%20(%EB%8B%A4%ED%81%AC%EC%B4%88%EC%BD%94)&vertical=search,https://brand.naver.com/ildongfoodis/category/6f55b75ed3724714bb6ff30784aca283?cp=1
