slug,productName,coupangUrl,naverUrl,officialUrl
yozm-soft-plain-500,YOZM 소프트 플레인 500g,https://www.coupang.com/vp/products/6919832216?itemId=16705889169&vendorItemId=83888331357&pickType=COU_PICK&q=YOZM+%EC%86%8C%ED%94%84%ED%8A%B8+%ED%94%8C%EB%A0%88%EC%9D%B8+500g&searchId=aa540046995725&sourceType=search&itemsCount=36&searchRank=0&rank=0&traceId=mmyvg28a,https://search.shopping.naver.com/search/all?query=YOZM%20%EC%86%8C%ED%94%84%ED%8A%B8%20%ED%94%8C%EB%A0%88%EC%9D%B8%20500g&prevQuery=YOZM%20%ED%94%8C%EB%A0%88%EC%9D%B8%20%EA%B7%B8%EB%A6%AD%EC%9A%94%EA%B1%B0%ED%8A%B8%20800g&vertical=search,https://brand.naver.com/yozmkorea/category/e8210e7f580b4c8b9bdc62a21f8cf7dd?cp=1
yozm-plain-greek-450,YOZM 플레인 그릭요거트 450g,https://www.coupang.com/vp/products/7706219199?itemId=24373954690&vendorItemId=92227982679&q=YOZM+%ED%94%8C%EB%A0%88%EC%9D%B8+%EA%B7%B8%EB%A6%AD%EC%9A%94%EA%B1%B0%ED%8A%B8+450g&searchId=34022daa1841646&sourceType=search&itemsCount=36&searchRank=0&rank=0&traceId=mmyvfjad,https://search.shopping.naver.com/search/all?query=YOZM%20%ED%94%8C%EB%A0%88%EC%9D%B8%20%EA%B7%B8%EB%A6%AD%EC%9A%94%EA%B1%B0%ED%8A%B8%20450g&prevQuery=%ED%9B%84%EB%94%94%EC%8A%A4%20%EA%B3%A0%EB%8B%A8%EB%B0%B1%20%EB%AC%B4%EA%B0%80%EB%8B%B9%20%EA%B7%B8%EB%A6%AD%EC%9A%94%EA%B1%B0%ED%8A%B8%20400g&vertical=search,https://brand.naver.com/yozmkorea/category/e8210e7f580b4c8b9bdc62a21f8cf7dd?cp=1
yozm-plain-greek-800,YOZM 플레인 그릭요거트 800g,https://www.coupang.com/vp/products/331527359?itemId=12492311650&vendorItemId=79760989358&pickType=COU_PICK&q=YOZM+%ED%94%8C%EB%A0%88%EC%9D%B8+%EA%B7%B8%EB%A6%AD%EC%9A%94%EA%B1%B0%ED%8A%B8+800g&searchId=6d32ffe94537647&sourceType=search&itemsCount=36&searchRank=0&rank=0&traceId=mmyvft1b,https://search.shopping.naver.com/search/all?query=YOZM%20%ED%94%8C%EB%A0%88%EC%9D%B8%20%EA%B7%B8%EB%A6%AD%EC%9A%94%EA%B1%B0%ED%8A%B8%20800g&prevQuery=YOZM%20%ED%94%8C%EB%A0%88%EC%9D%B8%20%EA%B7%B8%EB%A6%AD%EC%9A%94%EA%B1%B0%ED%8A%B8%20450g&vertical=search,https://brand.naver.com/yozmkorea/category/e8210e7f580b4c8b9bdc62a21f8cf7dd?cp=1
greekday-light-100,그릭데이 그릭요거트 라이트 100g,https://www.coupang.com/vp/products/5463245073?itemId=8368941696&vendorItemId=75656677392&pickType=COU_PICK&q=%EA%B7%B8%EB%A6%AD%EB%8D%B0%EC%9D%B4+%EA%B7%B8%EB%A6%AD%EC%9A%94%EA%B1%B0%ED%8A%B8+%EB%9D%BC%EC%9D%B4%ED%8A%B8+100g&searchId=a32ff01c2611509&sourceType=search&itemsCount=36&searchRank=1&rank=1&traceId=mmyvga5p,https://search.shopping.naver.com/search/all?query=%EA%B7%B8%EB%A6%AD%EB%8D%B0%EC%9D%B4%20%EA%B7%B8%EB%A6%AD%EC%9A%94%EA%B1%B0%ED%8A%B8%20%EB%9D%BC%EC%9D%B4%ED%8A%B8%20100g&prevQuery=YOZM%20%EC%86%8C%ED%94%84%ED%8A%B8%20%ED%94%8C%EB%A0%88%EC%9D%B8%20500g&vertical=search,https://greekday.co.kr/product/list.html?cate_no=42
greekday-light-450,그릭데이 그릭요거트 라이트 450g,https://www.coupang.com/vp/products/7798461431?itemId=14628773109&vendorItemId=77964863727&q=%EA%B7%B8%EB%A6%AD%EB%8D%B0%EC%9D%B4+%EA%B7%B8%EB%A6%AD%EC%9A%94%EA%B1%B0%ED%8A%B8+%EB%9D%BC%EC%9D%B4%ED%8A%B8+450g&searchId=629eecae4527260&sourceType=search&itemsCount=36&searchRank=1&rank=1&traceId=mmyvgka9,https://search.shopping.naver.com/search/all?query=%EA%B7%B8%EB%A6%AD%EB%8D%B0%EC%9D%B4%20%EA%B7%B8%EB%A6%AD%EC%9A%94%EA%B1%B0%ED%8A%B8%20%EB%9D%BC%EC%9D%B4%ED%8A%B8%20450g&prevQuery=%EA%B7%B8%EB%A6%AD%EB%8D%B0%EC%9D%B4%20%EA%B7%B8%EB%A6%AD%EC%9A%94%EA%B1%B0%ED%8A%B8%20%EB%9D%BC%EC%9D%B4%ED%8A%B8%20100g&vertical=search,https://greekday.co.kr/product/list.html?cate_no=42
greekday-light-800,그릭데이 그릭요거트 라이트 800g,https://www.coupang.com/vp/products/5463245073?itemId=17468368446&vendorItemId=84636080357&pickType=COU_PICK&q=그릭데이%20그릭요거트%20라이트%20800g&searchId=47cc4c794547067&sourceType=search&itemsCount=36&searchRank=1&rank=1&traceId=mmyvgruo,https://search.shopping.naver.com/search/all?query=%EA%B7%B8%EB%A6%AD%EB%8D%B0%EC%9D%B4%20%EA%B7%B8%EB%A6%AD%EC%9A%94%EA%B1%B0%ED%8A%B8%20%EB%9D%BC%EC%9D%B4%ED%8A%B8%20800g&prevQuery=%EA%B7%B8%EB%A6%AD%EB%8D%B0%EC%9D%B4%20%EA%B7%B8%EB%A6%AD%EC%9A%94%EA%B1%B0%ED%8A%B8%20%EB%9D%BC%EC%9D%B4%ED%8A%B8%20450g&vertical=search,https://greekday.co.kr/product/list.html?cate_no=42
greekday-signature-100,그릭데이 그릭요거트 시그니처 100g,https://www.coupang.com/vp/products/5463245022?itemId=19225411927&vendorItemId=86342060152&q=그릭데이%20그릭요거트%20시그니처%20100g&searchId=b6f0a23c4529549&sourceType=search&itemsCount=36&searchRank=2&rank=2&traceId=mmyvh19u,https://search.shopping.naver.com/search/all?query=%EA%B7%B8%EB%A6%AD%EB%8D%B0%EC%9D%B4%20%EA%B7%B8%EB%A6%AD%EC%9A%94%EA%B1%B0%ED%8A%B8%20%EC%8B%9C%EA%B7%B8%EB%8B%88%EC%B2%98%20100g&prevQuery=%EA%B7%B8%EB%A6%AD%EB%8D%B0%EC%9D%B4%20%EA%B7%B8%EB%A6%AD%EC%9A%94%EA%B1%B0%ED%8A%B8%20%EB%9D%BC%EC%9D%B4%ED%8A%B8%20800g&vertical=search,https://greekday.co.kr/product/list.html?cate_no=42
greekday-signature-450,그릭데이 그릭요거트 시그니처 450g,https://www.coupang.com/vp/products/5463245022?itemId=17894188425&vendorItemId=85057078619&pickType=COU_PICK&q=%EA%B7%B8%EB%A6%AD%EB%8D%B0%EC%9D%B4+%EA%B7%B8%EB%A6%AD%EC%9A%94%EA%B1%B0%ED%8A%B8+%EC%8B%9C%EA%B7%B8%EB%8B%88%EC%B2%98+450g&searchId=c27b29624552625&sourceType=search&itemsCount=36&searchRank=0&rank=0,https://search.shopping.naver.com/search/all?query=%EA%B7%B8%EB%A6%AD%EB%8D%B0%EC%9D%B4%20%EA%B7%B8%EB%A6%AD%EC%9A%94%EA%B1%B0%ED%8A%B8%20%EC%8B%9C%EA%B7%B8%EB%8B%88%EC%B2%98%20450g&prevQuery=%EA%B7%B8%EB%A6%AD%EB%8D%B0%EC%9D%B4%20%EA%B7%B8%EB%A6%AD%EC%9A%94%EA%B1%B0%ED%8A%B8%20%EC%8B%9C%EA%B7%B8%EB%8B%88%EC%B2%98%20100g&vertical=search,https://greekday.co.kr/product/list.html?cate_no=42
greekday-signature-800,그릭데이 그릭요거트 시그니처 800g,https://www.coupang.com/vp/products/5463245022?itemId=17468368450&vendorItemId=84636080373&pickType=COU_PICK&q=그릭데이%20그릭요거트%20시그니처%20800g&searchId=5cad5da44557131&sourceType=search&itemsCount=36&searchRank=0&rank=0&traceId=mmyvhpbw,https://search.shopping.naver.com/search/all?query=%EA%B7%B8%EB%A6%AD%EB%8D%B0%EC%9D%B4%20%EA%B7%B8%EB%A6%AD%EC%9A%94%EA%B1%B0%ED%8A%B8%20%EC%8B%9C%EA%B7%B8%EB%8B%88%EC%B2%98%20800g&prevQuery=%EA%B7%B8%EB%A6%AD%EB%8D%B0%EC%9D%B4%20%EA%B7%B8%EB%A6%AD%EC%9A%94%EA%B1%B0%ED%8A%B8%20%EC%8B%9C%EA%B7%B8%EB%8B%88%EC%B2%98%20450g&vertical=search,https://greekday.co.kr/product/list.html?cate_no=42
greekday-signature-yuja-100,그릭데이 시그니처 유자 100g,https://www.coupang.com/vp/products/8778213677?itemId=25691946275&vendorItemId=92681114018&q=그릭데이%20시그니처%20유자%20100g&searchId=7d6a64fd4558119&sourceType=search&itemsCount=36&searchRank=0&rank=0&traceId=mmyvhxrr,https://search.shopping.naver.com/search/all?query=%EA%B7%B8%EB%A6%AD%EB%8D%B0%EC%9D%B4%20%EC%8B%9C%EA%B7%B8%EB%8B%88%EC%B2%98%20%EC%9C%A0%EC%9E%90%20100g&prevQuery=%EA%B7%B8%EB%A6%AD%EB%8D%B0%EC%9D%B4%20%EA%B7%B8%EB%A6%AD%EC%9A%94%EA%B1%B0%ED%8A%B8%20%EC%8B%9C%EA%B7%B8%EB%8B%88%EC%B2%98%20800g&vertical=search,https://greekday.co.kr/product/list.html?cate_no=42
lookt-icelandic-thick-100,룩트 아이슬란딕 요거트 띠크 100g,https://www.coupang.com/vp/products/6168224572?itemId=12021463814&vendorItemId=79293779405&pickType=COU_PICK&q=룩트%20아이슬란딕%20요거트%20띠크%20100g&searchId=a30493bd2581833&sourceType=search&itemsCount=36&searchRank=1&rank=1&traceId=mmyvpqeq,https://search.shopping.naver.com/search/all?query=%EB%A3%A9%ED%8A%B8%20%EC%95%84%EC%9D%B4%EC%8A%AC%EB%9E%80%EB%94%95%20%EC%9A%94%EA%B1%B0%ED%8A%B8%20%EB%9D%A0%ED%81%AC%20100g&prevQuery=%EB%A3%A9%ED%8A%B8%20%EC%95%84%EC%9D%B4%EC%8A%AC%EB%9E%80%EB%94%95%20%EC%9A%94%EA%B1%B0%ED%8A%B8%20%EB%A7%88%EC%9D%BC%EB%93%9C%20100g&vertical=search,https://lukt.co.kr/26
lookt-icelandic-thick-450,룩트 아이슬란딕 요거트 띠크 450g,https://www.coupang.com/vp/products/6168224572?itemId=17002047120&vendorItemId=84178012869&pickType=COU_PICK&sourceType=srp_product_ads&clickEventId=e3d316e0-2458-11f1-974c-08ece94d0dc0&korePlacement=15&koreSubPlacement=1&clickEventId=e3d316e0-2458-11f1-974c-08ece94d0dc0&korePlacement=15&koreSubPlacement=1&traceId=mmyvq7rv,https://search.shopping.naver.com/search/all?query=%EB%A3%A9%ED%8A%B8%20%EC%95%84%EC%9D%B4%EC%8A%AC%EB%9E%80%EB%94%95%20%EC%9A%94%EA%B1%B0%ED%8A%B8%20%EB%9D%A0%ED%81%AC%20450g&prevQuery=%EB%A3%A9%ED%8A%B8%20%EC%95%84%EC%9D%B4%EC%8A%AC%EB%9E%80%EB%94%95%20%EC%9A%94%EA%B1%B0%ED%8A%B8%20%EB%A7%88%EC%9D%BC%EB%93%9C%20450g&vertical=search,https://lukt.co.kr/26
lookt-icelandic-mild-100,룩트 아이슬란딕 요거트 마일드 100g,https://www.coupang.com/vp/products/6970727970?itemId=12021463794&vendorItemId=79293779379&q=%EB%A3%A9%ED%8A%B8+%EC%95%84%EC%9D%B4%EC%8A%AC%EB%9E%80%EB%94%95+%EC%9A%94%EA%B1%B0%ED%8A%B8+%EB%A7%88%EC%9D%BC%EB%93%9C+100g&searchId=bac3f9a54820576&sourceType=search&itemsCount=36&searchRank=1&rank=1&traceId=mmyvpglx,https://search.shopping.naver.com/search/all?query=%EB%A3%A9%ED%8A%B8%20%EC%95%84%EC%9D%B4%EC%8A%AC%EB%9E%80%EB%94%95%20%EC%9A%94%EA%B1%B0%ED%8A%B8%20%EB%A7%88%EC%9D%BC%EB%93%9C%20100g&prevQuery=%ED%9B%84%EB%94%94%EC%8A%A4%20%EC%9C%A0%EA%B8%B0%EB%86%8D%20%EA%B7%B8%EB%A6%AD%EC%9A%94%EA%B1%B0%ED%8A%B8%20%EB%8B%AC%EC%A7%80%EC%95%8A%EC%9D%80%20%ED%94%8C%EB%A0%88%EC%9D%B8%20450&vertical=search,https://lukt.co.kr/26
lookt-icelandic-mild-450,룩트 아이슬란딕 요거트 마일드 450g,https://www.coupang.com/vp/products/6970727970?itemId=17002046702&vendorItemId=84178011603&q=%EB%A3%A9%ED%8A%B8+%EC%95%84%EC%9D%B4%EC%8A%AC%EB%9E%80%EB%94%95+%EC%9A%94%EA%B1%B0%ED%8A%B8+%EB%A7%88%EC%9D%BC%EB%93%9C+450g&searchId=979f614c2716210&sourceType=search&itemsCount=36&searchRank=1&rank=1&traceId=mmyvpyqr,https://search.shopping.naver.com/search/all?query=%EB%A3%A9%ED%8A%B8%20%EC%95%84%EC%9D%B4%EC%8A%AC%EB%9E%80%EB%94%95%20%EC%9A%94%EA%B1%B0%ED%8A%B8%20%EB%A7%88%EC%9D%BC%EB%93%9C%20450g&prevQuery=%EB%A3%A9%ED%8A%B8%20%EC%95%84%EC%9D%B4%EC%8A%AC%EB%9E%80%EB%94%95%20%EC%9A%94%EA%B1%B0%ED%8A%B8%20%EB%9D%A0%ED%81%AC%20100g&vertical=search,https://lukt.co.kr/26
maeil-bio-greek-delight-banana-80,매일 바이오 그릭요거트 Delight 바나나 80g,https://www.coupang.com/vp/products/8705370880?itemId=25288980987&vendorItemId=92284450185&pickType=COU_PICK&q=%EB%A7%A4%EC%9D%BC+%EB%B0%94%EC%9D%B4%EC%98%A4+%EA%B7%B8%EB%A6%AD%EC%9A%94%EA%B1%B0%ED%8A%B8+Delight+%EB%B0%94%EB%82%98%EB%82%98+80g&searchId=66d47f8e2640493&sourceType=search&itemsCount=36&searchRank=0&rank=0&traceId=mmyvkg18,https://search.shopping.naver.com/search/all?query=%EB%A7%A4%EC%9D%BC%20%EB%B0%94%EC%9D%B4%EC%98%A4%20%EA%B7%B8%EB%A6%AD%EC%9A%94%EA%B1%B0%ED%8A%B8%20Delight%20%EB%B0%94%EB%82%98%EB%82%98%2080g&prevQuery=%EB%A7%A4%EC%9D%BC%20%EB%B0%94%EC%9D%B4%EC%98%A4%20%EA%B7%B8%EB%A6%AD%EC%9A%94%EA%B1%B0%ED%8A%B8%20%ED%94%8C%EB%A0%88%EC%9D%B8%20400g&vertical=search,https://brand.naver.com/maeil/category/7024430f5e3e4c3b9b4167ecac88bff9?cp=1
maeil-bio-greek-drink-unsweetened-710,매일 바이오 그릭요거트 Drink 무가당 플레인 710mL,https://www.coupang.com/vp/products/8700623491?itemId=25312670392&vendorItemId=92307757040&pickType=COU_PICK&q=매일%20바이오%20그릭요거트%20Drink%20무가당%20플레인%20710mL&searchId=5bcf46ae610164&sourceType=search&itemsCount=36&searchRank=0&rank=0&traceId=mmyvmmqv,https://search.shopping.naver.com/search/all?query=%EB%A7%A4%EC%9D%BC%20%EB%B0%94%EC%9D%B4%EC%98%A4%20%EA%B7%B8%EB%A6%AD%EC%9A%94%EA%B1%B0%ED%8A%B8%20Drink%20%EB%AC%B4%EA%B0%80%EB%8B%B9%20%ED%94%8C%EB%A0%88%EC%9D%B8%20710mL&prevQuery=%EB%A7%A4%EC%9D%BC%20%EB%B0%94%EC%9D%B4%EC%98%A4%20%EA%B7%B8%EB%A6%AD%EC%9A%94%EA%B1%B0%ED%8A%B8%20Drink%20%EB%B0%94%EB%82%98%EB%82%98%20190mL&vertical=search,https://brand.naver.com/maeil/category/7024430f5e3e4c3b9b4167ecac88bff9?cp=1
maeil-bio-greek-drink-banana-190,매일 바이오 그릭요거트 Drink 바나나 190mL,https://www.coupang.com/vp/products/8713507821?itemId=26321435417&vendorItemId=94493433957&q=%EB%A7%A4%EC%9D%BC+%EB%B0%94%EC%9D%B4%EC%98%A4+%EA%B7%B8%EB%A6%AD%EC%9A%94%EA%B1%B0%ED%8A%B8+Drink+%EB%B0%94%EB%82%98%EB%82%98+190mL&searchId=c2ba98724582587&sourceType=search&itemsCount=36&searchRank=2&rank=2&traceId=mmyvmccp,https://search.shopping.naver.com/search/all?query=%EB%A7%A4%EC%9D%BC%20%EB%B0%94%EC%9D%B4%EC%98%A4%20%EA%B7%B8%EB%A6%AD%EC%9A%94%EA%B1%B0%ED%8A%B8%20Drink%20%EB%B0%94%EB%82%98%EB%82%98%20190mL&prevQuery=%EB%A7%A4%EC%9D%BC%20%EB%B0%94%EC%9D%B4%EC%98%A4%20%EA%B7%B8%EB%A6%AD%EC%9A%94%EA%B1%B0%ED%8A%B8%20Drink%20%ED%94%8C%EB%A0%88%EC%9D%B8%20190mL&vertical=search,https://brand.naver.com/maeil/category/7024430f5e3e4c3b9b4167ecac88bff9?cp=1
maeil-bio-greek-drink-banana-710,매일 바이오 그릭요거트 Drink 바나나 710mL,https://www.coupang.com/vp/products/8700604294?itemId=25265378481&vendorItemId=92261189320&q=%EB%A7%A4%EC%9D%BC+%EB%B0%94%EC%9D%B4%EC%98%A4+%EA%B7%B8%EB%A6%AD%EC%9A%94%EA%B1%B0%ED%8A%B8+Drink+%EB%B0%94%EB%82%98%EB%82%98+710mL&searchId=0a74e16b4605105&sourceType=search&itemsCount=36&searchRank=0&rank=0&traceId=mmyvodf9,https://search.shopping.naver.com/search/all?query=%EB%A7%A4%EC%9D%BC%20%EB%B0%94%EC%9D%B4%EC%98%A4%20%EA%B7%B8%EB%A6%AD%EC%9A%94%EA%B1%B0%ED%8A%B8%20Drink%20%EB%B0%94%EB%82%98%EB%82%98%20710mL&prevQuery=%EB%A7%A4%EC%9D%BC%20%EB%B0%94%EC%9D%B4%EC%98%A4%20%EA%B7%B8%EB%A6%AD%EC%9A%94%EA%B1%B0%ED%8A%B8%20Drink%20%ED%94%8C%EB%A0%88%EC%9D%B8%20710mL&vertical=search,https://brand.naver.com/maeil/category/7024430f5e3e4c3b9b4167ecac88bff9?cp=1
maeil-bio-greek-drink-plain-190,매일 바이오 그릭요거트 Drink 플레인 190mL,https://www.coupang.com/vp/products/8700623501?itemId=25312670423&vendorItemId=92307757067&pickType=COU_PICK&q=매일%20바이오%20그릭요거트%20Drink%20플레인%20190mL&searchId=8ae5a8e83490693&sourceType=search&itemsCount=36&searchRank=3&rank=3&traceId=mmyvm06x,https://search.shopping.naver.com/search/all?query=%EB%A7%A4%EC%9D%BC%20%EB%B0%94%EC%9D%B4%EC%98%A4%20%EA%B7%B8%EB%A6%AD%EC%9A%94%EA%B1%B0%ED%8A%B8%20Drink%20%ED%94%8C%EB%A0%88%EC%9D%B8%20190mL&prevQuery=%EB%A7%A4%EC%9D%BC%20%EB%B0%94%EC%9D%B4%EC%98%A4%20%EA%B7%B8%EB%A6%AD%EC%9A%94%EA%B1%B0%ED%8A%B8%20to%20go%20%ED%97%88%EB%8B%88%20120g&vertical=search,https://brand.naver.com/maeil/category/7024430f5e3e4c3b9b4167ecac88bff9?cp=1
maeil-bio-greek-drink-plain-710,매일 바이오 그릭요거트 Drink 플레인 710mL,https://www.coupang.com/vp/products/8700623491?itemId=25312670392&vendorItemId=92307757040&pickType=COU_PICK&q=%EB%A7%A4%EC%9D%BC%20%EB%B0%94%EC%9D%B4%EC%98%A4%20%EA%B7%B8%EB%A6%AD%EC%9A%94%EA%B1%B0%ED%8A%B8%20Drink%20%EB%AC%B4%EA%B0%80%EB%8B%B9%20%ED%94%8C%EB%A0%88%EC%9D%B8%20710mL&searchId=5bcf46ae610164&sourceType=search&itemsCount=36&searchRank=0&rank=0&traceId=mmyvo3pp,https://search.shopping.naver.com/search/all?query=%EB%A7%A4%EC%9D%BC%20%EB%B0%94%EC%9D%B4%EC%98%A4%20%EA%B7%B8%EB%A6%AD%EC%9A%94%EA%B1%B0%ED%8A%B8%20Drink%20%ED%94%8C%EB%A0%88%EC%9D%B8%20710mL&prevQuery=%EB%A7%A4%EC%9D%BC%20%EB%B0%94%EC%9D%B4%EC%98%A4%20%EA%B7%B8%EB%A6%AD%EC%9A%94%EA%B1%B0%ED%8A%B8%20Drink%20%EB%AC%B4%EA%B0%80%EB%8B%B9%20%ED%94%8C%EB%A0%88%EC%9D%B8%20710mL&vertical=search,https://brand.naver.com/maeil/category/7024430f5e3e4c3b9b4167ecac88bff9?cp=1
maeil-bio-greek-togo-plain-120,매일 바이오 그릭요거트 to go 플레인 120g,https://www.coupang.com/vp/products/8312114740?itemId=27988823442&vendorItemId=94946464409&q=%EB%A7%A4%EC%9D%BC+%EB%B0%94%EC%9D%B4%EC%98%A4+%EA%B7%B8%EB%A6%AD%EC%9A%94%EA%B1%B0%ED%8A%B8+to+go+%ED%94%8C%EB%A0%88%EC%9D%B8+120g&searchId=df9b57cc4580462&sourceType=search&itemsCount=36&searchRank=0&rank=0&traceId=mmyvks4e,https://search.shopping.naver.com/search/all?query=%EB%A7%A4%EC%9D%BC%20%EB%B0%94%EC%9D%B4%EC%98%A4%20%EA%B7%B8%EB%A6%AD%EC%9A%94%EA%B1%B0%ED%8A%B8%20to%20go%20%ED%94%8C%EB%A0%88%EC%9D%B8%20120g&prevQuery=%EB%A7%A4%EC%9D%BC%20%EB%B0%94%EC%9D%B4%EC%98%A4%20%EA%B7%B8%EB%A6%AD%EC%9A%94%EA%B1%B0%ED%8A%B8%20Delight%20%EB%B0%94%EB%82%98%EB%82%98%2080g&vertical=search,https://brand.naver.com/maeil/category/7024430f5e3e4c3b9b4167ecac88bff9?cp=1
maeil-bio-greek-togo-honey-120,매일 바이오 그릭요거트 to go 허니 120g,https://www.coupang.com/vp/products/8310404657?itemId=28029010707&vendorItemId=94986131697&q=매일%20바이오%20그릭요거트%20to%20go%20허니%20120g&searchId=b31127694087891&sourceType=search&itemsCount=36&searchRank=0&rank=0,https://search.shopping.naver.com/search/all?query=%EB%A7%A4%EC%9D%BC%20%EB%B0%94%EC%9D%B4%EC%98%A4%20%EA%B7%B8%EB%A6%AD%EC%9A%94%EA%B1%B0%ED%8A%B8%20to%20go%20%ED%97%88%EB%8B%88%20120g&prevQuery=%EB%A7%A4%EC%9D%BC%20%EB%B0%94%EC%9D%B4%EC%98%A4%20%EA%B7%B8%EB%A6%AD%EC%9A%94%EA%B1%B0%ED%8A%B8%20to%20go%20%ED%94%8C%EB%A0%88%EC%9D%B8%20120g&vertical=search,https://brand.naver.com/maeil/category/7024430f5e3e4c3b9b4167ecac88bff9?cp=1
maeil-bio-greek-unsweetened-150,매일 바이오 그릭요거트 무가당 플레인 150g,https://www.coupang.com/vp/products/9281513889?itemId=27479763128&vendorItemId=94444935650&q=%EB%A7%A4%EC%9D%BC+%EB%B0%94%EC%9D%B4%EC%98%A4+%EA%B7%B8%EB%A6%AD%EC%9A%94%EA%B1%B0%ED%8A%B8+%EB%AC%B4%EA%B0%80%EB%8B%B9+%ED%94%8C%EB%A0%88%EC%9D%B8+150g&searchId=7d71663b517872&sourceType=search&itemsCount=36&searchRank=0&rank=0&traceId=mmyvd3ly,https://search.shopping.naver.com/search/all?query=%EB%A7%A4%EC%9D%BC%20%EB%B0%94%EC%9D%B4%EC%98%A4%20%EA%B7%B8%EB%A6%AD%EC%9A%94%EA%B1%B0%ED%8A%B8%20%EB%AC%B4%EA%B0%80%EB%8B%B9%20%ED%94%8C%EB%A0%88%EC%9D%B8%20150g&prevQuery=%ED%9B%84%EB%94%94%EC%8A%A4%20%EA%B7%B8%EB%A6%AD%EC%9A%94%EA%B1%B0%ED%8A%B8%20%ED%94%8C%EB%A0%88%EC%9D%B8%20450g&vertical=search,https://brand.naver.com/maeil/category/7024430f5e3e4c3b9b4167ecac88bff9?cp=1
maeil-bio-greek-unsweetened-400,매일 바이오 그릭요거트 무가당 플레인 400g,https://www.coupang.com/vp/products/6809405272?itemId=18633943476&vendorItemId=91144871051&q=매일%20바이오%20그릭요거트%20무가당%20플레인%20400g&searchId=7740856a2369855&sourceType=search&itemsCount=36&searchRank=0&rank=0&traceId=mmyvi6zb,https://search.shopping.naver.com/search/all?query=%EB%A7%A4%EC%9D%BC%20%EB%B0%94%EC%9D%B4%EC%98%A4%20%EA%B7%B8%EB%A6%AD%EC%9A%94%EA%B1%B0%ED%8A%B8%20%EB%AC%B4%EA%B0%80%EB%8B%B9%20%ED%94%8C%EB%A0%88%EC%9D%B8%20400g&prevQuery=%EA%B7%B8%EB%A6%AD%EB%8D%B0%EC%9D%B4%20%EC%8B%9C%EA%B7%B8%EB%8B%88%EC%B2%98%20%EC%9C%A0%EC%9E%90%20100g&vertical=search,https://brand.naver.com/maeil/category/7024430f5e3e4c3b9b4167ecac88bff9?cp=1
maeil-bio-greek-unsweetened-800,매일 바이오 그릭요거트 무가당 플레인 800g,https://www.coupang.com/vp/products/7216495213?itemId=19225557711&vendorItemId=86342201460&pickType=COU_PICK&q=%EB%A7%A4%EC%9D%BC+%EB%B0%94%EC%9D%B4%EC%98%A4+%EA%B7%B8%EB%A6%AD%EC%9A%94%EA%B1%B0%ED%8A%B8+%EB%AC%B4%EA%B0%80%EB%8B%B9+%ED%94%8C%EB%A0%88%EC%9D%B8+800g&searchId=ad54a40d2539559&sourceType=search&itemsCount=36&searchRank=0&rank=0&traceId=mmyvjg1x,https://search.shopping.naver.com/search/all?query=%EB%A7%A4%EC%9D%BC%20%EB%B0%94%EC%9D%B4%EC%98%A4%20%EA%B7%B8%EB%A6%AD%EC%9A%94%EA%B1%B0%ED%8A%B8%20%EB%AC%B4%EA%B0%80%EB%8B%B9%20%ED%94%8C%EB%A0%88%EC%9D%B8%20800g&prevQuery=%EB%A7%A4%EC%9D%BC%EC%9C%A0%EC%97%85%20%EB%A7%A4%EC%9D%BC%EB%B0%94%EC%9D%B4%EC%98%A4%20%EA%B7%B8%EB%A6%AD%EC%9A%94%EA%B1%B0%ED%8A%B8%20%EB%AC%B4%EA%B0%80%EB%8B%B9%20%ED%94%8C%EB%A0%88%EC%9D%B8%2080ml%2C%2012%EA%B0%9C&vertical=search,https://brand.naver.com/maeil/category/7024430f5e3e4c3b9b4167ecac88bff9?cp=1
maeil-bio-greek-unsweetened-80,매일 바이오 그릭요거트 무가당 플레인 80g,https://www.coupang.com/vp/products/8960395129?itemId=13743166161&vendorItemId=80993989084&pickType=COU_PICK&q=%EB%A7%A4%EC%9D%BC+%EB%B0%94%EC%9D%B4%EC%98%A4+%EA%B7%B8%EB%A6%AD%EC%9A%94%EA%B1%B0%ED%8A%B8+%EB%AC%B4%EA%B0%80%EB%8B%B9+%ED%94%8C%EB%A0%88%EC%9D%B8+80g&searchId=4705e73f4558762&sourceType=search&itemsCount=36&searchRank=0&rank=0&traceId=mmyvj2jh,https://search.shopping.naver.com/search/all?query=%EB%A7%A4%EC%9D%BC%EC%9C%A0%EC%97%85%20%EB%A7%A4%EC%9D%BC%EB%B0%94%EC%9D%B4%EC%98%A4%20%EA%B7%B8%EB%A6%AD%EC%9A%94%EA%B1%B0%ED%8A%B8%20%EB%AC%B4%EA%B0%80%EB%8B%B9%20%ED%94%8C%EB%A0%88%EC%9D%B8%2080ml%2C%2012%EA%B0%9C&prevQuery=%EB%A7%A4%EC%9D%BC%20%EB%B0%94%EC%9D%B4%EC%98%A4%20%EA%B7%B8%EB%A6%AD%EC%9A%94%EA%B1%B0%ED%8A%B8%20%EB%AC%B4%EA%B0%80%EB%8B%B9%20%ED%94%8C%EB%A0%88%EC%9D%B8%2080g&vertical=search,https://brand.naver.com/maeil/category/7024430f5e3e4c3b9b4167ecac88bff9?cp=1
maeil-bio-greek-plain-150,매일 바이오 그릭요거트 플레인 150g,https://www.coupang.com/vp/products/9281513889?itemId=27479763128&vendorItemId=94444935650&q=%EB%A7%A4%EC%9D%BC+%EB%B0%94%EC%9D%B4%EC%98%A4+%EA%B7%B8%EB%A6%AD%EC%9A%94%EA%B1%B0%ED%8A%B8+%ED%94%8C%EB%A0%88%EC%9D%B8+150g&searchId=f642a3843961587&sourceType=search&itemsCount=36&searchRank=0&rank=0&traceId=mmyvjqhz,https://search.shopping.naver.com/search/all?query=%EB%A7%A4%EC%9D%BC%20%EB%B0%94%EC%9D%B4%EC%98%A4%20%EA%B7%B8%EB%A6%AD%EC%9A%94%EA%B1%B0%ED%8A%B8%20%ED%94%8C%EB%A0%88%EC%9D%B8%20150g&prevQuery=%EB%A7%A4%EC%9D%BC%20%EB%B0%94%EC%9D%B4%EC%98%A4%20%EA%B7%B8%EB%A6%AD%EC%9A%94%EA%B1%B0%ED%8A%B8%20%EB%AC%B4%EA%B0%80%EB%8B%B9%20%ED%94%8C%EB%A0%88%EC%9D%B8%20800g&vertical=search,https://brand.naver.com/maeil/category/7024430f5e3e4c3b9b4167ecac88bff9?cp=1
maeil-bio-greek-plain-400,매일 바이오 그릭요거트 플레인 400g,https://www.coupang.com/vp/products/8787833517?itemId=25584183005&vendorItemId=92575077399&q=%EB%A7%A4%EC%9D%BC+%EB%B0%94%EC%9D%B4%EC%98%A4+%EA%B7%B8%EB%A6%AD%EC%9A%94%EA%B1%B0%ED%8A%B8+%ED%94%8C%EB%A0%88%EC%9D%B8+400g&searchId=742a939a4557970&sourceType=search&itemsCount=36&searchRank=2&rank=2&traceId=mmyvk3on,https://search.shopping.naver.com/search/all?query=%EB%A7%A4%EC%9D%BC%20%EB%B0%94%EC%9D%B4%EC%98%A4%20%EA%B7%B8%EB%A6%AD%EC%9A%94%EA%B1%B0%ED%8A%B8%20%ED%94%8C%EB%A0%88%EC%9D%B8%20400g&prevQuery=%EB%A7%A4%EC%9D%BC%20%EB%B0%94%EC%9D%B4%EC%98%A4%20%EA%B7%B8%EB%A6%AD%EC%9A%94%EA%B1%B0%ED%8A%B8%20%ED%94%8C%EB%A0%88%EC%9D%B8%20150g&vertical=search,https://brand.naver.com/maeil/category/7024430f5e3e4c3b9b4167ecac88bff9?cp=1
sangha-organic-greek-unsweetened-400,상하목장 유기농 그릭요거트 무가당 플레인 400g,https://www.coupang.com/vp/products/8566052890?itemId=25438448255&vendorItemId=93564298776&q=상하목장%20유기농%20그릭요거트%20무가당%20플레인%20400g&searchId=4b1d09ce4528725&sourceType=search&itemsCount=36&searchRank=0&rank=0&traceId=mmyvf244,https://search.shopping.naver.com/search/all?query=%EC%83%81%ED%95%98%EB%AA%A9%EC%9E%A5%20%EC%9C%A0%EA%B8%B0%EB%86%8D%20%EA%B7%B8%EB%A6%AD%EC%9A%94%EA%B1%B0%ED%8A%B8%20%EB%AC%B4%EA%B0%80%EB%8B%B9%20%ED%94%8C%EB%A0%88%EC%9D%B8%20400g&prevQuery=%EB%A7%A4%EC%9D%BC%EC%9C%A0%EC%97%85%20%EC%83%81%ED%95%98%EB%AA%A9%EC%9E%A5%20%EC%9C%A0%EA%B8%B0%EB%86%8D%20%EA%B7%B8%EB%A6%AD%EC%9A%94%EA%B1%B0%ED%8A%B8%20%ED%94%8C%EB%A0%88%EC%9D%B8%2C%2080g%2C%204%EA%B0%9C&vertical=search,https://brand.naver.com/maeil/category/7024430f5e3e4c3b9b4167ecac88bff9?cp=1
sangha-organic-greek-unsweetened-80,상하목장 유기농 그릭요거트 무가당 플레인 80g,https://www.coupang.com/vp/products/8593813440?itemId=24949791948&vendorItemId=91955683966&pickType=COU_PICK&q=상하목장%20유기농%20그릭요거트%20무가당%20플레인%2080g&searchId=d1b1b0ff957960&sourceType=search&itemsCount=36&searchRank=0&rank=0&traceId=mmyvdb5a,https://search.shopping.naver.com/search/all?query=%EC%83%81%ED%95%98%EB%AA%A9%EC%9E%A5%20%EC%9C%A0%EA%B8%B0%EB%86%8D%20%EA%B7%B8%EB%A6%AD%EC%9A%94%EA%B1%B0%ED%8A%B8%20%EB%AC%B4%EA%B0%80%EB%8B%B9%20%ED%94%8C%EB%A0%88%EC%9D%B8%2080g&prevQuery=%EB%A7%A4%EC%9D%BC%20%EB%B0%94%EC%9D%B4%EC%98%A4%20%EA%B7%B8%EB%A6%AD%EC%9A%94%EA%B1%B0%ED%8A%B8%20%EB%AC%B4%EA%B0%80%EB%8B%B9%20%ED%94%8C%EB%A0%88%EC%9D%B8%20150g&vertical=search,https://brand.naver.com/maeil/category/7024430f5e3e4c3b9b4167ecac88bff9?cp=1
sangha-organic-greek-blueberry-kale-120,상하목장 유기농 그릭요거트 블루베리&케일 120g,https://www.coupang.com/vp/products/8310686192?itemId=24017155135&vendorItemId=91037760602&pickType=COU_PICK&q=상하목장%20유기농%20그릭요거트%20블루베리&케일%20120g&searchId=5b3db34f4624978&sourceType=search&itemsCount=36&searchRank=0&rank=0&traceId=mmyvovia,https://search.shopping.naver.com/search/all?query=%EC%83%81%ED%95%98%EB%AA%A9%EC%9E%A5%20%EC%9C%A0%EA%B8%B0%EB%86%8D%20%EA%B7%B8%EB%A6%AD%EC%9A%94%EA%B1%B0%ED%8A%B8%20%EB%B8%94%EB%A3%A8%EB%B2%A0%EB%A6%AC%26%EC%BC%80%EC%9D%BC%20120g&prevQuery=%EC%83%81%ED%95%98%EB%AA%A9%EC%9E%A5%20%EC%9C%A0%EA%B8%B0%EB%86%8D%20%EA%B7%B8%EB%A6%AD%EC%9A%94%EA%B1%B0%ED%8A%B8%20%EC%82%AC%EA%B3%BC%26%EC%BC%80%EC%9D%BC%20120g&vertical=search,https://brand.naver.com/maeil/category/7024430f5e3e4c3b9b4167ecac88bff9?cp=1
sangha-organic-greek-apple-kale-120,상하목장 유기농 그릭요거트 사과&케일 120g,https://www.coupang.com/vp/products/8310686156?itemId=24017155081&vendorItemId=91037760522&q=상하목장%20유기농%20그릭요거트%20사과&케일%20120g&searchId=bde7f3b74622932&sourceType=search&itemsCount=36&searchRank=0&rank=0&traceId=mmyvomd1,https://search.shopping.naver.com/search/all?query=%EC%83%81%ED%95%98%EB%AA%A9%EC%9E%A5%20%EC%9C%A0%EA%B8%B0%EB%86%8D%20%EA%B7%B8%EB%A6%AD%EC%9A%94%EA%B1%B0%ED%8A%B8%20%EC%82%AC%EA%B3%BC%26%EC%BC%80%EC%9D%BC%20120g&prevQuery=%EB%A7%A4%EC%9D%BC%20%EB%B0%94%EC%9D%B4%EC%98%A4%20%EA%B7%B8%EB%A6%AD%EC%9A%94%EA%B1%B0%ED%8A%B8%20Drink%20%EB%B0%94%EB%82%98%EB%82%98%20710mL&vertical=search,https://brand.naver.com/maeil/category/7024430f5e3e4c3b9b4167ecac88bff9?cp=1
sangha-organic-greek-plain-80,상하목장 유기농 그릭요거트 플레인 80g,https://www.coupang.com/vp/products/8593813433?itemId=24949791853&vendorItemId=91955683918&q=%EC%83%81%ED%95%98%EB%AA%A9%EC%9E%A5+%EC%9C%A0%EA%B8%B0%EB%86%8D+%EA%B7%B8%EB%A6%AD%EC%9A%94%EA%B1%B0%ED%8A%B8+%ED%94%8C%EB%A0%88%EC%9D%B8+80g&searchId=6b2746c6406435&sourceType=search&itemsCount=36&searchRank=2&rank=2&traceId=mmyveq3c,https://search.shopping.naver.com/search/all?query=%EB%A7%A4%EC%9D%BC%EC%9C%A0%EC%97%85%20%EC%83%81%ED%95%98%EB%AA%A9%EC%9E%A5%20%EC%9C%A0%EA%B8%B0%EB%86%8D%20%EA%B7%B8%EB%A6%AD%EC%9A%94%EA%B1%B0%ED%8A%B8%20%ED%94%8C%EB%A0%88%EC%9D%B8%2C%2080g%2C%204%EA%B0%9C&prevQuery=%EB%A7%A4%EC%9D%BC%EC%9C%A0%EC%97%85%20%EC%83%81%ED%95%98%EB%AA%A9%EC%9E%A5%20%EC%9C%A0%EA%B8%B0%EB%86%8D%20%EA%B7%B8%EB%A6%AD%EC%9A%94%EA%B1%B0%ED%8A%B8%20%ED%94%8C%EB%A0%88%EC%9D%B8%2C%2080g%2C%204%EA%B0%9C&vertical=search,https://brand.naver.com/maeil/category/7024430f5e3e4c3b9b4167ecac88bff9?cp=1
yopro-blueberry-150,요프로 프로틴 블루베리 요거트 150g,https://www.coupang.com/vp/products/9181041541?itemId=27135693609&vendorItemId=94103639306&pickType=COU_PICK&q=%EC%9A%94%ED%94%84%EB%A1%9C+%ED%94%84%EB%A1%9C%ED%8B%B4+%EB%B8%94%EB%A3%A8%EB%B2%A0%EB%A6%AC+%EC%9A%94%EA%B1%B0%ED%8A%B8+150g&searchId=20e63bca1784784&sourceType=search&itemsCount=36&searchRank=0&rank=0&traceId=mmyv9mse,https://search.shopping.naver.com/search/all?query=%EC%9A%94%ED%94%84%EB%A1%9C%20%ED%94%84%EB%A1%9C%ED%8B%B4%20%EB%B8%94%EB%A3%A8%EB%B2%A0%EB%A6%AC%20%EC%9A%94%EA%B1%B0%ED%8A%B8%20150g&prevQuery=%EC%9A%94%ED%94%84%EB%A1%9C%20%ED%94%84%EB%A1%9C%ED%8B%B4%20%EC%84%A4%ED%83%95%EB%AC%B4%EC%B2%A8%EA%B0%80%20%ED%94%8C%EB%A0%88%EC%9D%B8%20%EC%9A%94%EA%B1%B0%ED%8A%B8%20150g&vertical=search,https://brand.naver.com/pulmuone01/search?q=%EB%8B%A4%EB%85%BC
yopro-plain-150,요프로 프로틴 설탕무첨가 플레인 요거트 150g,https://www.coupang.com/vp/products/9181041542?itemId=27135694124&vendorItemId=94103639497&q=%EC%9A%94%ED%94%84%EB%A1%9C+%ED%94%84%EB%A1%9C%ED%8B%B4+%EC%84%A4%ED%83%95%EB%AC%B4%EC%B2%A8%EA%B0%80+%ED%94%8C%EB%A0%88%EC%9D%B8+%EC%9A%94%EA%B1%B0%ED%8A%B8+150g&searchId=2f1296fb4474231&sourceType=search&itemsCount=36&searchRank=1&rank=1&traceId=mmyv95bv,https://search.shopping.naver.com/search/all?where=all&frm=NVSCTAB&query=%EC%9A%94%ED%94%84%EB%A1%9C+%ED%94%84%EB%A1%9C%ED%8B%B4+%EC%84%A4%ED%83%95%EB%AC%B4%EC%B2%A8%EA%B0%80+%ED%94%8C%EB%A0%88%EC%9D%B8+%EC%9A%94%EA%B1%B0%ED%8A%B8+150g,https://brand.naver.com/pulmuone01/search?q=%EB%8B%A4%EB%85%BC
yoplait-protein-max-210,요플레 프로틴 MAX 210mL,https://www.coupang.com/vp/products/7842498830?itemId=21353027936&vendorItemId=88410649081&q=%EC%9A%94%ED%94%8C%EB%A0%88+%ED%94%84%EB%A1%9C%ED%8B%B4+MAX+210mL&searchId=285cf54f4478679&sourceType=search&itemsCount=36&searchRank=0&rank=0&traceId=mmyvby76,https://search.shopping.naver.com/search/all?query=%EC%9A%94%ED%94%8C%EB%A0%88%20%ED%94%84%EB%A1%9C%ED%8B%B4%20MAX%20210mL&prevQuery=%EC%9A%94%ED%94%8C%EB%A0%88%20%ED%94%84%EB%A1%9C%ED%8B%B4%20%EB%93%9C%EB%A7%81%ED%81%AC%20%EB%94%B8%EA%B8%B0%EB%B0%94%EB%82%98%EB%82%98%20210mL&vertical=search,https://brand.naver.com/binggrae/search?q=%EC%9A%94%ED%94%8C%EB%A0%88
yoplait-protein-strawberry-banana-210,요플레 프로틴 드링크 딸기바나나 210mL,https://www.coupang.com/vp/products/7828219997?itemId=13592033192&vendorItemId=82196265119&q=%EC%9A%94%ED%94%8C%EB%A0%88+%ED%94%84%EB%A1%9C%ED%8B%B4+%EB%93%9C%EB%A7%81%ED%81%AC+%EB%94%B8%EA%B8%B0%EB%B0%94%EB%82%98%EB%82%98+210mL&searchId=c9349e124494544&sourceType=search&itemsCount=36&searchRank=0&rank=0&traceId=mmyvbi49,https://search.shopping.naver.com/search/all?query=%EC%9A%94%ED%94%8C%EB%A0%88%20%ED%94%84%EB%A1%9C%ED%8B%B4%20%EB%93%9C%EB%A7%81%ED%81%AC%20%EB%94%B8%EA%B8%B0%EB%B0%94%EB%82%98%EB%82%98%20210mL&prevQuery=%EC%9A%94%ED%94%8C%EB%A0%88%20%ED%94%84%EB%A1%9C%ED%8B%B4%20%EB%93%9C%EB%A7%81%ED%81%AC%20%ED%94%8C%EB%A0%88%EC%9D%B8%20210mL&vertical=search,https://brand.naver.com/binggrae/search?q=%EC%9A%94%ED%94%8C%EB%A0%88
yoplait-protein-plain-210,요플레 프로틴 드링크 플레인 210mL,https://www.coupang.com/vp/products/4542348097?itemId=22950129834&vendorItemId=94053885418&q=요플레%20프로틴%20드링크%20플레인%20210mL&searchId=eaa9785a4500454&sourceType=search&itemsCount=36&searchRank=0&rank=0&traceId=mmyvb8kb,https://search.shopping.naver.com/search/all?query=%EC%9A%94%ED%94%8C%EB%A0%88%20%ED%94%84%EB%A1%9C%ED%8B%B4%20%EB%93%9C%EB%A7%81%ED%81%AC%20%ED%94%8C%EB%A0%88%EC%9D%B8%20210mL&prevQuery=%EC%9A%94%ED%94%8C%EB%A0%88%20%ED%94%84%EB%A1%9C%ED%8B%B4%20%EB%B8%94%EB%A3%A8%EB%B2%A0%EB%A6%AC%20%EB%96%A0%EB%A8%B9%EB%8A%94%20%EC%9A%94%EA%B5%AC%EB%A5%B4%ED%8A%B8%20100g&vertical=search,https://brand.naver.com/binggrae/search?q=%EC%9A%94%ED%94%8C%EB%A0%88
yoplait-protein-blueberry-100,요플레 프로틴 블루베리 떠먹는 요구르트 100g,,,
yoplait-protein-plain-100,요플레 프로틴 플레인 떠먹는 요구르트 100g,,,https://brand.naver.com/binggrae/search?q=%EC%9A%94%ED%94%8C%EB%A0%88
pulmuone-dannon-greek-unsweetened-90,풀무원다논 그릭요거트 무가당 플레인 90g,https://www.coupang.com/vp/products/1261683219?itemId=19225059882&vendorItemId=86341716285&pickType=COU_PICK&q=%ED%92%80%EB%AC%B4%EC%9B%90%EB%8B%A4%EB%85%BC+%EA%B7%B8%EB%A6%AD%EC%9A%94%EA%B1%B0%ED%8A%B8+%EB%AC%B4%EA%B0%80%EB%8B%B9+%ED%94%8C%EB%A0%88%EC%9D%B8+90g&searchId=958325b44496456&sourceType=search&itemsCount=36&searchRank=2&rank=2&traceId=mmyvdlxw,https://search.shopping.naver.com/search/all?query=%ED%92%80%EB%AC%B4%EC%9B%90%EB%8B%A4%EB%85%BC%20%EA%B7%B8%EB%A6%AD%EC%9A%94%EA%B1%B0%ED%8A%B8%20%EB%AC%B4%EA%B0%80%EB%8B%B9%20%ED%94%8C%EB%A0%88%EC%9D%B8%2090g&prevQuery=%ED%92%80%EB%AC%B4%EC%9B%90%EB%8B%A4%EB%85%BC%20%EA%B7%B8%EB%A6%AD%EC%9A%94%EA%B1%B0%ED%8A%B8%20%EB%AC%B4%EA%B0%80%EB%8B%B9%20%ED%94%8C%EB%A0%88%EC%9D%B8%2090g&vertical=search,https://brand.naver.com/pulmuone01/search?q=%EB%8B%A4%EB%85%BC
who-highprotein-greek-unsweetened-400,후디스 고단백 무가당 그릭요거트 400g,https://www.coupang.com/vp/products/8566052890?itemId=25438448255&vendorItemId=93564298776&q=%ED%9B%84%EB%94%94%EC%8A%A4+%EA%B3%A0%EB%8B%A8%EB%B0%B1+%EB%AC%B4%EA%B0%80%EB%8B%B9+%EA%B7%B8%EB%A6%AD%EC%9A%94%EA%B1%B0%ED%8A%B8+400g&searchId=5d0cbc644723772&sourceType=search&itemsCount=36&searchRank=0&rank=0&traceId=mmyvfarw,https://search.shopping.naver.com/search/all?query=%ED%9B%84%EB%94%94%EC%8A%A4%20%EA%B3%A0%EB%8B%A8%EB%B0%B1%20%EB%AC%B4%EA%B0%80%EB%8B%B9%20%EA%B7%B8%EB%A6%AD%EC%9A%94%EA%B1%B0%ED%8A%B8%20400g&prevQuery=%EC%83%81%ED%95%98%EB%AA%A9%EC%9E%A5%20%EC%9C%A0%EA%B8%B0%EB%86%8D%20%EA%B7%B8%EB%A6%AD%EC%9A%94%EA%B1%B0%ED%8A%B8%20%EB%AC%B4%EA%B0%80%EB%8B%B9%20%ED%94%8C%EB%A0%88%EC%9D%B8%20400g&vertical=search,
who-greek-plain-450,후디스 그릭요거트 플레인 450g,https://www.coupang.com/vp/products/168835912?itemId=10546415459&vendorItemId=77827885881&pickType=COU_PICK&q=후디스%20그릭요거트%20플레인%20450g&searchId=8a4c04863895078&sourceType=search&itemsCount=36&searchRank=0&rank=0&traceId=mmyvcukn,https://search.shopping.naver.com/search/all?query=%ED%9B%84%EB%94%94%EC%8A%A4%20%EA%B7%B8%EB%A6%AD%EC%9A%94%EA%B1%B0%ED%8A%B8%20%ED%94%8C%EB%A0%88%EC%9D%B8%20450g&prevQuery=%ED%9B%84%EB%94%94%EC%8A%A4%20%EA%B7%B8%EB%A6%AD%EC%9A%94%EA%B1%B0%ED%8A%B8%20%ED%94%8C%EB%A0%88%EC%9D%B8%2080g&vertical=search,
who-greek-plain-80,후디스 그릭요거트 플레인 80g,https://www.coupang.com/vp/products/4938428240?itemId=19079285352&vendorItemId=72900492237&q=%ED%9B%84%EB%94%94%EC%8A%A4+%EA%B7%B8%EB%A6%AD%EC%9A%94%EA%B1%B0%ED%8A%B8+%ED%94%8C%EB%A0%88%EC%9D%B8+80g&searchId=d528eb892453370&sourceType=search&itemsCount=36&searchRank=0&rank=0&traceId=mmyvcju2,https://search.shopping.naver.com/search/all?query=%ED%9B%84%EB%94%94%EC%8A%A4%20%EA%B7%B8%EB%A6%AD%EC%9A%94%EA%B1%B0%ED%8A%B8%20%ED%94%8C%EB%A0%88%EC%9D%B8%2080g&prevQuery=%EC%9A%94%ED%94%8C%EB%A0%88%20%ED%94%84%EB%A1%9C%ED%8B%B4%20MAX%20210mL&vertical=search,
who-organic-greek-unsweetened-450,후디스 유기농 그릭요거트 달지않은 플레인 450g,https://www.coupang.com/vp/products/8239274980?itemId=23712766463&vendorItemId=90737719026&pickType=COU_PICK&q=%ED%9B%84%EB%94%94%EC%8A%A4+%EC%9C%A0%EA%B8%B0%EB%86%8D+%EA%B7%B8%EB%A6%AD%EC%9A%94%EA%B1%B0%ED%8A%B8+%EB%8B%AC%EC%A7%80%EC%95%8A%EC%9D%80+%ED%94%8C%EB%A0%88%EC%9D%B8+450g&searchId=f20b61894626637&sourceType=search&itemsCount=36&searchRank=0&rank=0&traceId=mmyvp4z3,https://search.shopping.naver.com/search/all?query=%ED%9B%84%EB%94%94%EC%8A%A4%20%EC%9C%A0%EA%B8%B0%EB%86%8D%20%EA%B7%B8%EB%A6%AD%EC%9A%94%EA%B1%B0%ED%8A%B8%20%EB%8B%AC%EC%A7%80%EC%95%8A%EC%9D%80%20%ED%94%8C%EB%A0%88%EC%9D%B8%20450&prevQuery=%EC%83%81%ED%95%98%EB%AA%A9%EC%9E%A5%20%EC%9C%A0%EA%B8%B0%EB%86%8D%20%EA%B7%B8%EB%A6%AD%EC%9A%94%EA%B1%B0%ED%8A%B8%20%EB%B8%94%EB%A3%A8%EB%B2%A0%EB%A6%AC%26%EC%BC%80%EC%9D%BC%20120g&vertical=search,
yozm-blueberry-compote-130,YOZM 그릭요거트 블루베리 콩포트 130g,https://www.coupang.com/vp/products/6941706301?itemId=19225634254&vendorItemId=86342275913&pickType=COU_PICK&q=YOZM+%EA%B7%B8%EB%A6%AD%EC%9A%94%EA%B1%B0%ED%8A%B8+%EB%B8%94%EB%A3%A8%EB%B2%A0%EB%A6%AC+%EC%BD%A9%ED%8F%AC%ED%8A%B8+130g&searchId=f74254b91700330&sourceType=search&itemsCount=36&searchRank=0&rank=0&traceId=mn8nji0o,https://search.shopping.naver.com/search/all?where=all&frm=NVSCTAB&query=YOZM+%EA%B7%B8%EB%A6%AD%EC%9A%94%EA%B1%B0%ED%8A%B8+%EB%B8%94%EB%A3%A8%EB%B2%A0%EB%A6%AC+%EC%BD%A9%ED%8F%AC%ED%8A%B8+130g,https://brand.naver.com/yozmkorea/category/e8210e7f580b4c8b9bdc62a21f8cf7dd?cp=1
yozm-strawberry-compote-130,YOZM 그릭요거트 스트로베리 콩포트 130g,https://www.coupang.com/vp/products/9449131609?itemId=28108889931&vendorItemId=95064910245&q=YOZM+%EA%B7%B8%EB%A6%AD%EC%9A%94%EA%B1%B0%ED%8A%B8+%EC%8A%A4%ED%8A%B8%EB%A1%9C%EB%B2%A0%EB%A6%AC+%EC%BD%A9%ED%8F%AC%ED%8A%B8+130g&searchId=89c7f8381254599&sourceType=search&itemsCount=36&searchRank=0&rank=0&traceId=mn8njth1,https://search.shopping.naver.com/search/all?query=YOZM%20%EA%B7%B8%EB%A6%AD%EC%9A%94%EA%B1%B0%ED%8A%B8%20%EC%8A%A4%ED%8A%B8%EB%A1%9C%EB%B2%A0%EB%A6%AC%20%EC%BD%A9%ED%8F%AC%ED%8A%B8%20130g&prevQuery=YOZM%20%EA%B7%B8%EB%A6%AD%EC%9A%94%EA%B1%B0%ED%8A%B8%20%EB%B8%94%EB%A3%A8%EB%B2%A0%EB%A6%AC%20%EC%BD%A9%ED%8F%AC%ED%8A%B8%20130g&vertical=search,https://brand.naver.com/yozmkorea/category/e8210e7f580b4c8b9bdc62a21f8cf7dd?cp=1
yozm-apple-cinnamon-130,YOZM 그릭요거트 애플시나몬 130g,https://www.coupang.com/vp/products/8744851239?itemId=27391192182&vendorItemId=94356984474&q=YOZM+%EA%B7%B8%EB%A6%AD%EC%9A%94%EA%B1%B0%ED%8A%B8+%EC%95%A0%ED%94%8C%EC%8B%9C%EB%82%98%EB%AA%AC+130g&searchId=a54abd522441953&sourceType=search&itemsCount=36&searchRank=1&rank=1&traceId=mn8nk6lt,https://search.shopping.naver.com/search/all?query=YOZM%20%EA%B7%B8%EB%A6%AD%EC%9A%94%EA%B1%B0%ED%8A%B8%20%EC%95%A0%ED%94%8C%EC%8B%9C%EB%82%98%EB%AA%AC%20130g&prevQuery=YOZM%20%EA%B7%B8%EB%A6%AD%EC%9A%94%EA%B1%B0%ED%8A%B8%20%EC%8A%A4%ED%8A%B8%EB%A1%9C%EB%B2%A0%EB%A6%AC%20%EC%BD%A9%ED%8F%AC%ED%8A%B8%20130g&vertical=search,https://brand.naver.com/yozmkorea/category/e8210e7f580b4c8b9bdc62a21f8cf7dd?cp=1
yozm-choco-cranola-120,YOZM 그릭요거트 초코 크래놀라 120g,https://www.coupang.com/vp/products/8603770365?itemId=24990321066&vendorItemId=91995694303&q=YOZM%20%EA%B7%B8%EB%A6%AD%EC%9A%94%EA%B1%B0%ED%8A%B8%20%EC%B4%88%EC%BD%94%20%ED%81%AC%EB%9E%98%EB%86%80%EB%9D%BC%20120g&searchId=d66fe5352431002&sourceType=search&itemsCount=36&searchRank=2&rank=2&traceId=mn8nkska,https://search.shopping.naver.com/search/all?query=YOZM%20%EA%B7%B8%EB%A6%AD%EC%9A%94%EA%B1%B0%ED%8A%B8%20%EC%B4%88%EC%BD%94%20%ED%81%AC%EB%9E%98%EB%86%80%EB%9D%BC%20120g&prevQuery=YOZM%20%EA%B7%B8%EB%A6%AD%EC%9A%94%EA%B1%B0%ED%8A%B8%20%EC%95%A0%ED%94%8C%EC%8B%9C%EB%82%98%EB%AA%AC%20130g&vertical=search,https://brand.naver.com/yozmkorea/category/e8210e7f580b4c8b9bdc62a21f8cf7dd?cp=1
yozm-cacao-granola-120,YOZM 그릭요거트 카카오 그래놀라 120g,https://www.coupang.com/vp/products/6919833096?itemId=19233868128&vendorItemId=86350321522&q=YOZM+%EA%B7%B8%EB%A6%AD%EC%9A%94%EA%B1%B0%ED%8A%B8+%EC%B4%88%EC%BD%94+%ED%81%AC%EB%9E%98%EB%86%80%EB%9D%BC+120g&searchId=d66fe5352431002&sourceType=search&itemsCount=36&searchRank=0&rank=0&traceId=mn8nkfc5,https://search.shopping.naver.com/search/all?query=YOZM%20%EA%B7%B8%EB%A6%AD%EC%9A%94%EA%B1%B0%ED%8A%B8%20%EC%B9%B4%EC%B9%B4%EC%98%A4%20%EA%B7%B8%EB%9E%98%EB%86%80%EB%9D%BC%20120g&prevQuery=YOZM%20%EA%B7%B8%EB%A6%AD%EC%9A%94%EA%B1%B0%ED%8A%B8%20%EC%B4%88%EC%BD%94%20%ED%81%AC%EB%9E%98%EB%86%80%EB%9D%BC%20120g&vertical=search,https://brand.naver.com/yozmkorea/category/e8210e7f580b4c8b9bdc62a21f8cf7dd?cp=1
yozm-cafe-latte-100,YOZM 그릭요거트 카페라떼 100g,https://www.coupang.com/vp/products/9155961457?itemId=26964737551&vendorItemId=93933686886&q=YOZM+%EA%B7%B8%EB%A6%AD%EC%9A%94%EA%B1%B0%ED%8A%B8+%EC%B9%B4%ED%8E%98%EB%9D%BC%EB%96%BC+100g&searchId=0ac988482433245&sourceType=search&itemsCount=36&searchRank=1&rank=1&traceId=mn8nl290,https://search.shopping.naver.com/search/all?query=YOZM%20%EA%B7%B8%EB%A6%AD%EC%9A%94%EA%B1%B0%ED%8A%B8%20%EC%B9%B4%ED%8E%98%EB%9D%BC%EB%96%BC%20100g&prevQuery=YOZM%20%EA%B7%B8%EB%A6%AD%EC%9A%94%EA%B1%B0%ED%8A%B8%20%EC%B9%B4%EC%B9%B4%EC%98%A4%20%EA%B7%B8%EB%9E%98%EB%86%80%EB%9D%BC%20120g&vertical=search,https://brand.naver.com/yozmkorea/category/e8210e7f580b4c8b9bdc62a21f8cf7dd?cp=1
yozm-crispy-granola-120,YOZM 그릭요거트 크리스피 그래놀라 120g,https://www.coupang.com/vp/products/6919833096?itemId=19233868128&vendorItemId=86350321522&q=YOZM%20그릭요거트%20크리스피%20그래놀라%20120g&searchId=cd8615c42441301&sourceType=search&itemsCount=36&searchRank=2&rank=2&traceId=mn8nlify,https://search.shopping.naver.com/search/all?query=YOZM%20%EA%B7%B8%EB%A6%AD%EC%9A%94%EA%B1%B0%ED%8A%B8%20%ED%81%AC%EB%A6%AC%EC%8A%A4%ED%94%BC%20%EA%B7%B8%EB%9E%98%EB%86%80%EB%9D%BC%20120g&prevQuery=YOZM%20%EA%B7%B8%EB%A6%AD%EC%9A%94%EA%B1%B0%ED%8A%B8%20%EC%B9%B4%ED%8E%98%EB%9D%BC%EB%96%BC%20100g&vertical=search,https://brand.naver.com/yozmkorea/category/e8210e7f580b4c8b9bdc62a21f8cf7dd?cp=1
yozm-oh-granola-low-sugar-115,YOZM 오! 그래놀라 저당 그릭요거트 115g,https://www.coupang.com/vp/products/9071774255?itemId=26642437310&vendorItemId=93625442795&q=YOZM%20%EC%98%A4!%20%EA%B7%B8%EB%9E%98%EB%86%80%EB%9D%BC%20%EC%A0%80%EB%8B%B9%20%EA%B7%B8%EB%A6%AD%EC%9A%94%EA%B1%B0%ED%8A%B8%20115g&searchId=891fa8ac2438545&sourceType=search&itemsCount=36&searchRank=2&rank=2&traceId=mn8nlqkl,https://search.shopping.naver.com/search/all?query=YOZM%20%EC%98%A4!%20%EA%B7%B8%EB%9E%98%EB%86%80%EB%9D%BC%20%EC%A0%80%EB%8B%B9%20%EA%B7%B8%EB%A6%AD%EC%9A%94%EA%B1%B0%ED%8A%B8%20115g&prevQuery=YOZM%20%EA%B7%B8%EB%A6%AD%EC%9A%94%EA%B1%B0%ED%8A%B8%20%ED%81%AC%EB%A6%AC%EC%8A%A4%ED%94%BC%20%EA%B7%B8%EB%9E%98%EB%86%80%EB%9D%BC%20120g&vertical=search,https://brand.naver.com/yozmkorea/category/e8210e7f580b4c8b9bdc62a21f8cf7dd?cp=1
yozm-low-sugar-matcha-100,YOZM 저당 그릭요거트 말차 100g,https://www.coupang.com/vp/products/9150768333?itemId=27003096941&vendorItemId=93971799675&pickType=COU_PICK&q=YOZM%20저당%20그릭요거트%20말차%20100g&searchId=0ebe94ef2461572&sourceType=search&itemsCount=36&searchRank=0&rank=0&traceId=mn8nm0lw,https://search.shopping.naver.com/search/all?query=YOZM%20%EC%A0%80%EB%8B%B9%20%EA%B7%B8%EB%A6%AD%EC%9A%94%EA%B1%B0%ED%8A%B8%20%EB%A7%90%EC%B0%A8%20100g&prevQuery=YOZM%20%EC%98%A4!%20%EA%B7%B8%EB%9E%98%EB%86%80%EB%9D%BC%20%EC%A0%80%EB%8B%B9%20%EA%B7%B8%EB%A6%AD%EC%9A%94%EA%B1%B0%ED%8A%B8%20115g&vertical=search,https://brand.naver.com/yozmkorea/category/e8210e7f580b4c8b9bdc62a21f8cf7dd?cp=1
